year,month,LNS11300000,LNS11300001,LNS11300002,LNS11300003,LNS11300004,LNS11300005,LNS11300006,LNS11300007,LNS11300008,LNS11300009,LNS14000000,LNS14000001,LNS14000002,LNS14000003,LNS14000004,LNS14000005,LNS14000006,LNS14000007,LNS14000008,LNS14000009,LNS14100000,LNS14200000,day
1948,1,58.6,86.7,32.0,,,,,,,,3.4,3.4,3.3,,,,,,,,,,1
1948,2,58.9,87.0,32.4,,,,,,,,3.8,3.6,4.5,,,,,,,,,,1
1948,3,58.5,86.3,32.1,,,,,,,,4.0,3.8,4.4,,,,,,,,,,1
1948,4,59.0,86.6,33.0,,,,,,,,3.9,3.8,4.3,,,,,,,,,,1
1948,5,58.3,86.1,32.0,,,,,,,,3.5,3.5,3.7,,,,,,,,,,1
1948,6,59.2,86.6,33.4,,,,,,,,3.6,3.3,4.3,,,,,,,,,,1
1948,7,59.3,86.7,33.4,,,,,,,,3.6,3.4,4.2,,,,,,,,,,1
1948,8,58.9,86.7,32.7,,,,,,,,3.9,3.6,4.4,,,,,,,,,,1
1948,9,58.9,86.3,33.0,,,,,,,,3.8,3.7,4.1,,,,,,,,,,1
1948,10,58.7,86.6,32.4,,,,,,,,3.7,3.6,4.0,,,,,,,,,,1
1948,11,58.7,86.5,32.6,,,,,,,,3.8,3.7,3.9,,,,,,,,,,1
1948,12,59.1,86.9,33.0,,,,,,,,4.0,3.9,4.2,,,,,,,,,,1
1949,1,58.7,86.5,32.6,,,,,,,,4.3,4.2,4.4,,,,,,,,,,1
1949,2,59.0,86.6,33.0,,,,,,,,4.7,4.6,4.8,,,,,,,,,,1
1949,3,58.9,86.5,33.0,,,,,,,,5.0,5.1,4.6,,,,,,,,,,1
1949,4,58.8,86.6,32.8,,,,,,,,5.3,5.3,5.5,,,,,,,,,,1
1949,5,59.0,86.6,33.1,,,,,,,,6.1,6.1,6.0,,,,,,,,,,1
1949,6,58.6,86.2,32.8,,,,,,,,6.2,6.2,6.2,,,,,,,,,,1
1949,7,58.9,86.1,33.4,,,,,,,,6.7,6.7,6.8,,,,,,,,,,1
1949,8,59.2,86.6,33.5,,,,,,,,6.8,6.8,6.8,,,,,,,,,,1
1949,9,59.1,86.6,33.4,,,,,,,,6.6,6.5,6.8,,,,,,,,,,1
1949,10,59.6,87.4,33.6,,,,,,,,7.9,8.4,6.8,,,,,,,,,,1
1949,11,59.4,86.8,33.7,,,,,,,,6.4,6.5,6.3,,,,,,,,,,1
1949,12,59.2,86.6,33.5,,,,,,,,6.6,6.5,6.8,,,,,,,,,,1
1950,1,58.9,86.2,33.4,,,,,,,,6.5,6.4,6.9,,,,,,,,,,1
1950,2,58.9,86.1,33.4,,,,,,,,6.4,6.2,6.8,,,,,,,,,,1
1950,3,58.8,85.9,33.2,,,,,,,,6.3,6.1,6.7,,,,,,,,,,1
1950,4,59.2,86.2,33.9,,,,,,,,5.8,5.9,5.4,,,,,,,,,,1
1950,5,59.1,86.3,33.6,,,,,,,,5.5,5.4,5.8,,,,,,,,,,1
1950,6,59.4,86.2,34.2,,,,,,,,5.4,5.1,6.1,,,,,,,,,,1
1950,7,59.1,86.1,33.7,,,,,,,,5.0,4.8,5.6,,,,,,,,,,1
1950,8,59.5,86.5,34.1,,,,,,,,4.5,4.3,4.8,,,,,,,,,,1
1950,9,59.2,86.5,33.7,,,,,,,,4.4,4.2,5.1,,,,,,,,,,1
1950,10,59.4,86.4,34.3,,,,,,,,4.2,3.9,4.8,,,,,,,,,,1
1950,11,59.3,86.3,34.4,,,,,,,,4.2,3.7,5.2,,,,,,,,,,1
1950,12,59.2,86.3,34.0,,,,,,,,4.3,3.8,5.2,,,,,,,,,,1
1951,1,59.1,86.0,34.3,,,,,,,,3.7,3.3,4.6,,,,,,,,,,1
1951,2,59.1,86.3,34.2,,,,,,,,3.4,3.0,4.5,,,,,,,,,,1
1951,3,59.8,86.9,35.0,,,,,,,,3.4,2.7,4.9,,,,,,,,,,1
1951,4,59.1,86.3,34.4,,,,,,,,3.1,2.5,4.4,,,,,,,,,,1
1951,5,59.4,86.6,34.7,,,,,,,,3.0,2.5,4.2,,,,,,,,,,1
1951,6,59.0,86.4,34.2,,,,,,,,3.2,2.8,4.3,,,,,,,,,,1
1951,7,59.4,86.3,35.2,,,,,,,,3.1,2.7,4.0,,,,,,,,,,1
1951,8,59.2,86.5,34.7,,,,,,,,3.1,2.8,3.9,,,,,,,,,,1
1951,9,59.1,86.4,34.4,,,,,,,,3.3,2.8,4.6,,,,,,,,,,1
1951,10,59.4,86.8,34.8,,,,,,,,3.5,3.1,4.5,,,,,,,,,,1
1951,11,59.2,86.5,34.7,,,,,,,,3.5,3.1,4.5,,,,,,,,,,1
1951,12,59.6,86.8,35.1,,,,,,,,3.1,2.7,4.2,,,,,,,,,,1
1952,1,59.5,86.8,35.0,,,,,,,,3.2,2.8,3.9,,,,,,,,,,1
1952,2,59.5,87.0,34.9,,,,,,,,3.1,2.8,3.8,,,,,,,,,,1
1952,3,58.9,86.5,34.1,,,,,,,,2.9,2.7,3.5,,,,,,,,,,1
1952,4,58.8,86.3,34.3,,,,,,,,2.9,2.7,3.5,,,,,,,,,,1
1952,5,59.1,86.4,34.7,,,,,,,,3.0,2.6,3.9,,,,,,,,,,1
1952,6,59.1,86.4,34.6,,,,,,,,3.0,2.8,3.5,,,,,,,,,,1
1952,7,58.9,86.3,34.4,,,,,,,,3.2,3.0,3.7,,,,,,,,,,1
1952,8,58.7,85.9,34.4,,,,,,,,3.4,3.2,3.8,,,,,,,,,,1
1952,9,59.2,85.9,35.4,,,,,,,,3.1,3.0,3.3,,,,,,,,,,1
1952,10,58.7,85.6,34.6,,,,,,,,3.0,2.6,3.8,,,,,,,,,,1
1952,11,59.1,85.6,35.4,,,,,,,,2.8,2.5,3.4,,,,,,,,,,1
1952,12,59.2,86.4,34.8,,,,,,,,2.7,2.5,3.1,,,,,,,,,,1
1953,1,59.5,86.5,35.1,,,,,,,,2.9,2.8,3.1,,,,,,,,,,1
1953,2,59.5,86.8,34.9,,,,,,,,2.6,2.4,2.9,,,,,,,,,,1
1953,3,59.6,86.8,35.2,,,,,,,,2.6,2.3,3.2,,,,,,,,,,1
1953,4,59.1,86.3,34.6,,,,,,,,2.7,2.6,3.0,,,,,,,,,,1
1953,5,58.6,85.8,34.0,,,,,,,,2.5,2.5,2.7,,,,,,,,,,1
1953,6,58.9,85.8,34.7,,,,,,,,2.5,2.4,2.8,,,,,,,,,,1
1953,7,58.9,85.9,34.6,,,,,,,,2.6,2.5,2.9,,,,,,,,,,1
1953,8,58.6,85.7,34.2,,,,,,,,2.7,2.5,3.0,,,,,,,,,,1
1953,9,58.5,85.4,34.3,,,,,,,,2.9,2.7,3.4,,,,,,,,,,1
1953,10,58.5,85.4,34.4,,,,,,,,3.1,2.9,3.6,,,,,,,,,,1
1953,11,58.6,85.9,33.9,,,,,,,,3.5,3.4,3.7,,,,,,,,,,1
1953,12,58.3,85.8,33.6,,,,,,,,4.5,4.2,5.1,,,,,,,,,,1
1954,1,58.6,85.8,33.9,58.1,86.1,32.7,,,,,4.9,4.4,5.9,4.5,4.1,5.7,,,,,,,1
1954,2,59.3,86.2,35.0,58.9,86.5,33.9,,,,,5.2,4.9,5.9,4.9,4.5,5.8,,,,,,,1
1954,3,59.1,85.6,35.1,58.7,85.9,34.1,,,,,5.7,5.3,6.4,5.0,4.6,6.0,,,,,,,1
1954,4,59.2,86.0,35.0,58.5,86.0,33.6,,,,,5.9,5.6,6.4,5.5,5.2,6.1,,,,,,,1
1954,5,58.9,85.7,34.6,58.1,85.6,33.2,,,,,5.9,5.7,6.3,5.3,5.1,5.7,,,,,,,1
1954,6,58.5,85.3,34.4,57.8,85.1,33.0,,,,,5.6,5.3,6.2,5.0,4.7,5.5,,,,,,,1
1954,7,58.4,85.4,34.1,57.8,85.3,32.8,,,,,5.8,5.6,6.3,5.3,5.1,5.8,,,,,,,1
1954,8,58.7,85.9,34.3,58.2,85.9,33.2,,,,,6.0,6.0,6.2,5.6,5.6,5.6,,,,,,,1
1954,9,59.2,86.0,34.9,58.4,86.0,33.4,,,,,6.1,6.0,6.4,5.9,6.0,5.7,,,,,,,1
1954,10,58.8,85.5,34.8,58.0,85.3,33.2,,,,,5.7,5.7,5.8,5.1,5.1,5.3,,,,,,,1
1954,11,58.6,85.2,34.6,58.1,85.1,33.5,,,,,5.3,5.2,5.6,4.7,4.5,5.0,,,,,,,1
1954,12,58.1,84.8,34.1,57.7,84.8,33.1,,,,,5.0,5.0,5.2,4.4,4.3,4.7,,,,,,,1
1955,1,58.6,85.0,34.7,58.2,85.2,33.7,,,,,4.9,4.8,5.3,4.5,4.3,4.9,,,,,,,1
1955,2,58.4,84.8,34.5,58.2,85.1,33.7,,,,,4.7,4.5,5.0,4.1,3.9,4.5,,,,,,,1
1955,3,58.5,85.0,34.5,58.1,85.1,33.5,,,,,4.6,4.5,4.8,4.0,3.8,4.4,,,,,,,1
1955,4,59.0,85.2,35.3,58.6,85.5,34.1,,,,,4.7,4.7,4.7,4.3,4.3,4.2,,,,,,,1
1955,5,58.8,85.1,35.0,58.3,85.2,33.8,,,,,4.3,4.0,4.7,3.8,3.6,4.1,,,,,,,1
1955,6,58.8,84.8,35.2,58.3,84.8,34.2,,,,,4.2,3.9,4.7,3.7,3.5,4.3,,,,,,,1
1955,7,59.3,85.3,35.8,58.8,85.2,34.8,,,,,4.0,3.8,4.6,3.6,3.4,4.0,,,,,,,1
1955,8,59.7,85.4,36.4,59.2,85.3,35.4,,,,,4.2,3.9,4.9,3.6,3.4,4.1,,,,,,,1
1955,9,59.7,85.6,36.2,59.0,85.4,35.0,,,,,4.1,3.7,5.0,3.6,3.3,4.5,,,,,,,1
1955,10,59.8,85.7,36.4,59.2,85.6,35.2,,,,,4.3,3.9,5.1,3.7,3.4,4.5,,,,,,,1
1955,11,59.9,85.8,36.5,59.3,85.8,35.2,,,,,4.2,3.9,4.9,3.6,3.4,4.1,,,,,,,1
1955,12,60.2,85.9,37.0,59.5,85.8,35.5,,,,,4.2,3.8,4.9,3.7,3.4,4.4,,,,,,,1
1956,1,60.2,86.1,36.7,59.6,86.3,35.4,,,,,4.0,3.8,4.5,3.5,3.3,4.1,,,,,,,1
1956,2,59.9,85.9,36.3,59.3,85.9,35.1,,,,,3.9,3.8,4.3,3.6,3.4,4.0,,,,,,,1
1956,3,59.8,85.8,36.4,59.3,85.9,35.2,,,,,4.2,3.8,5.1,3.7,3.4,4.5,,,,,,,1
1956,4,59.9,85.6,36.6,59.4,85.7,35.4,,,,,4.0,3.6,4.8,3.6,3.3,4.2,,,,,,,1
1956,5,60.2,85.8,37.1,59.6,85.7,35.9,,,,,4.3,3.9,5.0,3.8,3.5,4.4,,,,,,,1
1956,6,60.1,85.7,37.0,59.6,85.6,35.9,,,,,4.3,4.0,5.1,3.7,3.4,4.2,,,,,,,1
1956,7,60.1,85.5,37.2,59.6,85.4,36.0,,,,,4.4,3.8,5.7,3.8,3.4,4.9,,,,,,,1
1956,8,60.0,85.4,37.0,59.4,85.3,35.8,,,,,4.1,3.7,4.8,3.4,3.1,4.1,,,,,,,1
1956,9,60.0,85.2,37.1,59.5,85.3,36.0,,,,,3.9,3.6,4.6,3.5,3.2,4.0,,,,,,,1
1956,10,59.8,85.0,36.9,59.2,85.0,35.8,,,,,3.9,3.5,4.7,3.4,3.1,3.9,,,,,,,1
1956,11,59.8,85.2,36.9,59.4,85.3,35.8,,,,,4.3,4.0,4.9,3.8,3.5,4.3,,,,,,,1
1956,12,59.8,85.0,36.9,59.3,85.2,35.7,,,,,4.2,3.9,4.7,3.8,3.5,4.3,,,,,,,1
1957,1,59.5,84.8,36.6,59.1,85.0,35.5,,,,,4.2,3.9,4.8,3.8,3.4,4.4,,,,,,,1
1957,2,59.9,85.0,37.1,59.3,85.2,35.9,,,,,3.9,3.6,4.5,3.6,3.3,4.1,,,,,,,1
1957,3,59.8,85.2,36.9,59.3,85.2,35.8,,,,,3.7,3.5,4.3,3.4,3.1,4.0,,,,,,,1
1957,4,59.5,85.0,36.5,59.0,85.0,35.3,,,,,3.9,3.8,4.2,3.5,3.3,3.9,,,,,,,1
1957,5,59.5,84.9,36.6,58.9,84.8,35.4,,,,,4.1,3.8,4.7,3.6,3.3,4.3,,,,,,,1
1957,6,59.8,85.2,36.8,59.2,85.3,35.6,,,,,4.3,4.0,4.8,3.7,3.5,4.3,,,,,,,1
1957,7,60.0,85.1,37.2,59.4,85.0,36.1,,,,,4.2,3.8,4.8,3.7,3.5,4.2,,,,,,,1
1957,8,59.3,84.4,36.6,58.8,84.6,35.5,,,,,4.1,3.9,4.7,3.7,3.4,4.2,,,,,,,1
1957,9,59.6,84.6,36.9,59.1,84.8,35.7,,,,,4.4,4.3,4.6,3.9,3.9,4.1,,,,,,,1
1957,10,59.5,84.4,37.0,59.0,84.6,35.8,,,,,4.5,4.4,4.6,4.0,3.9,4.3,,,,,,,1
1957,11,59.5,84.4,36.9,59.0,84.5,35.9,,,,,5.1,5.2,5.1,4.6,4.5,4.8,,,,,,,1
1957,12,59.6,84.5,37.1,59.2,84.6,36.1,,,,,5.2,5.2,5.1,4.7,4.7,4.8,,,,,,,1
1958,1,59.3,84.1,36.8,58.8,84.2,35.7,,,,,5.8,5.7,5.9,5.2,5.1,5.5,,,,,,,1
1958,2,59.3,84.0,37.0,58.9,84.2,35.9,,,,,6.4,6.3,6.6,5.7,5.6,6.0,,,,,,,1
1958,3,59.3,84.0,37.0,58.8,84.0,35.8,,,,,6.7,6.7,6.6,5.9,6.0,5.8,,,,,,,1
1958,4,59.6,84.3,37.3,59.0,84.4,36.0,,,,,7.4,7.3,7.6,6.7,6.6,6.8,,,,,,,1
1958,5,59.8,84.6,37.4,59.2,84.6,36.1,,,,,7.4,7.5,7.3,6.7,6.6,6.8,,,,,,,1
1958,6,59.5,84.3,37.1,58.9,84.3,35.8,,,,,7.3,7.4,7.1,6.6,6.6,6.6,,,,,,,1
1958,7,59.6,84.6,37.0,59.0,84.6,35.7,,,,,7.5,7.6,7.3,6.8,6.8,6.6,,,,,,,1
1958,8,59.8,84.6,37.3,59.2,84.8,36.0,,,,,7.4,7.5,7.2,6.7,6.8,6.7,,,,,,,1
1958,9,59.7,84.7,37.0,59.0,84.6,35.7,,,,,7.1,7.1,7.0,6.4,6.4,6.3,,,,,,,1
1958,10,59.6,84.6,37.0,58.9,84.6,35.5,,,,,6.7,6.7,6.7,6.0,6.0,6.0,,,,,,,1
1958,11,59.2,84.0,36.8,58.6,84.0,35.6,,,,,6.2,6.3,6.0,5.5,5.5,5.6,,,,,,,1
1958,12,59.2,83.8,36.9,58.7,83.8,35.8,,,,,6.2,6.2,6.2,5.5,5.4,5.6,,,,,,,1
1959,1,59.3,83.8,37.1,58.7,83.8,36.0,,,,,6.0,5.9,6.2,5.3,5.2,5.4,,,,,,,1
1959,2,59.0,83.5,36.8,58.5,83.7,35.7,,,,,5.9,5.8,6.0,5.2,5.1,5.5,,,,,,,1
1959,3,59.3,83.8,37.1,58.7,83.7,35.9,,,,,5.6,5.3,6.2,4.9,4.6,5.4,,,,,,,1
1959,4,59.4,83.9,37.3,58.9,84.0,36.1,,,,,5.2,4.8,6.1,4.7,4.2,5.6,,,,,,,1
1959,5,59.2,83.6,37.1,58.6,83.7,35.9,,,,,5.1,4.8,5.8,4.5,4.2,5.1,,,,,,,1
1959,6,59.2,83.5,37.3,58.6,83.5,36.0,,,,,5.0,4.7,5.6,4.4,4.1,5.1,,,,,,,1
1959,7,59.4,83.9,37.1,58.8,83.9,36.0,,,,,5.1,4.9,5.7,4.5,4.2,5.2,,,,,,,1
1959,8,59.2,83.7,37.1,58.6,83.6,35.9,,,,,5.2,5.1,5.6,4.6,4.3,5.1,,,,,,,1
1959,9,59.3,83.9,37.0,58.7,83.9,35.8,,,,,5.5,5.5,5.6,4.9,4.8,5.2,,,,,,,1
1959,10,59.4,83.8,37.4,58.9,83.8,36.3,,,,,5.7,5.5,6.1,5.0,4.7,5.5,,,,,,,1
1959,11,59.1,83.5,37.0,58.6,83.6,35.9,,,,,5.8,5.9,5.8,5.3,5.2,5.5,,,,,,,1
1959,12,59.5,83.9,37.3,58.8,83.9,36.1,,,,,5.3,5.0,5.8,4.7,4.4,5.3,,,,,,,1
1960,1,59.1,83.6,37.0,58.6,83.8,35.8,,,,,5.2,5.0,5.7,4.6,4.4,5.2,,,,,,,1
1960,2,59.1,83.4,37.1,58.6,83.6,35.9,,,,,4.8,4.6,5.4,4.3,4.0,5.0,,,,,,,1
1960,3,58.5,82.8,36.6,58.2,83.1,35.7,,,,,5.4,5.3,5.8,4.8,4.6,5.3,,,,,,,1
1960,4,59.5,83.6,37.8,58.9,83.7,36.5,,,,,5.2,5.0,5.5,4.6,4.4,5.0,,,,,,,1
1960,5,59.5,83.4,37.9,58.9,83.4,36.7,,,,,5.1,5.0,5.5,4.6,4.4,4.9,,,,,,,1
1960,6,59.7,83.3,38.4,59.0,83.3,36.9,,,,,5.4,5.2,5.7,4.8,4.6,5.1,,,,,,,1
1960,7,59.5,83.2,38.1,58.9,83.1,36.9,,,,,5.5,5.3,5.8,4.9,4.7,5.3,,,,,,,1
1960,8,59.5,83.3,37.9,58.8,83.2,36.7,,,,,5.6,5.6,5.8,5.1,5.0,5.4,,,,,,,1
1960,9,59.7,83.5,38.2,59.1,83.4,37.0,,,,,5.5,5.5,5.7,5.1,5.1,5.2,,,,,,,1
1960,10,59.4,83.4,37.7,58.7,83.3,36.4,,,,,6.1,5.9,6.4,5.5,5.4,5.8,,,,,,,1
1960,11,59.8,83.7,38.2,59.1,83.6,36.9,,,,,6.1,6.0,6.5,5.5,5.4,5.7,,,,,,,1
1960,12,59.7,83.4,38.2,59.0,83.3,37.0,,,,,6.6,6.3,7.0,5.9,5.7,6.4,,,,,,,1
1961,1,59.6,83.4,38.2,59.0,83.4,37.0,,,,,6.6,6.5,6.9,5.9,5.8,6.2,,,,,,,1
1961,2,59.6,82.9,38.5,59.0,83.0,37.2,,,,,6.9,6.6,7.3,6.2,5.9,6.7,,,,,,,1
1961,3,59.7,83.1,38.7,59.2,83.2,37.5,,,,,6.9,6.6,7.4,6.2,5.8,6.8,,,,,,,1
1961,4,59.3,82.8,38.1,58.9,82.9,37.1,,,,,7.0,6.8,7.4,6.2,6.0,6.7,,,,,,,1
1961,5,59.4,83.0,38.1,58.8,83.0,36.9,,,,,7.1,6.9,7.4,6.3,6.2,6.6,,,,,,,1
1961,6,59.7,83.1,38.6,59.1,83.2,37.4,,,,,6.9,6.5,7.6,6.2,5.8,6.9,,,,,,,1
1961,7,59.3,82.8,38.1,58.8,83.0,36.9,,,,,7.0,6.6,7.7,6.3,6.0,7.0,,,,,,,1
1961,8,59.3,82.9,38.0,58.7,83.0,36.7,,,,,6.6,6.4,7.0,5.9,5.7,6.4,,,,,,,1
1961,9,59.0,82.6,37.7,58.3,82.5,36.5,,,,,6.7,6.3,7.3,5.9,5.5,6.6,,,,,,,1
1961,10,59.1,82.6,38.0,58.5,82.6,36.7,,,,,6.5,6.1,7.2,5.7,5.4,6.5,,,,,,,1
1961,11,59.1,82.7,37.8,58.5,82.7,36.7,,,,,6.1,5.8,6.6,5.4,5.1,6.0,,,,,,,1
1961,12,58.8,82.5,37.5,58.3,82.7,36.4,,,,,6.0,5.7,6.4,5.3,5.0,5.7,,,,,,,1
1962,1,58.8,82.2,37.9,58.4,82.4,36.8,,,,,5.8,5.4,6.7,5.1,4.7,5.8,,,,,,,1
1962,2,59.0,82.5,38.0,58.4,82.6,36.6,,,,,5.5,5.2,6.2,4.8,4.5,5.4,,,,,,,1
1962,3,58.9,82.5,37.8,58.4,82.6,36.6,,,,,5.6,5.2,6.3,4.8,4.6,5.4,,,,,,,1
1962,4,58.7,82.0,37.8,58.2,82.2,36.7,,,,,5.6,5.2,6.2,4.7,4.5,5.2,,,,,,,1
1962,5,58.9,82.4,37.8,58.3,82.4,36.6,,,,,5.5,5.2,6.0,4.8,4.5,5.3,,,,,,,1
1962,6,58.8,82.1,37.8,58.3,82.3,36.6,,,,,5.5,5.3,5.8,4.8,4.6,5.1,,,,,,,1
1962,7,58.5,81.7,37.7,58.0,81.7,36.6,,,,,5.4,5.1,6.1,4.8,4.5,5.4,,,,,,,1
1962,8,59.0,82.1,38.3,58.4,82.1,37.1,,,,,5.7,5.3,6.4,5.0,4.6,5.7,,,,,,,1
1962,9,59.0,82.0,38.3,58.5,82.1,37.2,,,,,5.6,5.2,6.3,5.0,4.6,5.7,,,,,,,1
1962,10,58.7,81.7,37.9,58.2,81.9,36.7,,,,,5.4,5.0,6.1,4.8,4.5,5.5,,,,,,,1
1962,11,58.5,81.6,37.8,58.0,81.6,36.8,,,,,5.7,5.3,6.3,5.0,4.8,5.6,,,,,,,1
1962,12,58.4,81.4,37.8,58.0,81.6,36.7,,,,,5.5,5.1,6.2,4.8,4.5,5.4,,,,,,,1
1963,1,58.6,81.4,38.0,58.0,81.5,36.8,,,,,5.7,5.4,6.4,5.0,4.7,5.7,,,,,,,1
1963,2,58.6,81.3,38.2,58.2,81.6,37.0,,,,,5.9,5.7,6.5,5.3,5.1,5.7,,,,,,,1
1963,3,58.6,81.4,38.2,58.1,81.5,37.0,,,,,5.7,5.4,6.2,5.0,4.8,5.5,,,,,,,1
1963,4,58.8,81.5,38.4,58.3,81.5,37.3,,,,,5.7,5.4,6.2,5.1,4.8,5.6,,,,,,,1
1963,5,58.8,81.4,38.5,58.2,81.4,37.3,,,,,5.9,5.4,6.7,5.2,4.8,6.0,,,,,,,1
1963,6,58.5,81.2,38.1,58.1,81.4,37.1,,,,,5.6,5.1,6.4,4.9,4.5,5.8,,,,,,,1
1963,7,58.7,81.5,38.3,58.3,81.6,37.2,,,,,5.6,5.1,6.6,5.1,4.6,5.9,,,,,,,1
1963,8,58.5,81.3,38.0,58.0,81.4,36.8,,,,,5.4,4.9,6.3,4.8,4.5,5.6,,,,,,,1
1963,9,58.7,81.4,38.4,58.2,81.5,37.2,,,,,5.5,4.9,6.6,4.8,4.3,5.8,,,,,,,1
1963,10,58.8,81.3,38.6,58.3,81.4,37.4,,,,,5.5,5.0,6.6,4.8,4.4,5.7,,,,,,,1
1963,11,58.8,81.4,38.5,58.3,81.5,37.3,,,,,5.7,5.3,6.6,5.0,4.6,5.9,,,,,,,1
1963,12,58.5,81.0,38.3,58.0,81.1,37.2,,,,,5.5,5.0,6.4,5.0,4.5,5.8,,,,,,,1
1964,1,58.6,81.0,38.4,58.1,81.1,37.3,,,,,5.6,5.0,6.6,5.0,4.5,5.9,,,,,,,1
1964,2,58.8,81.0,38.8,58.3,81.1,37.6,,,,,5.4,4.8,6.5,4.9,4.3,6.0,,,,,,,1
1964,3,58.7,81.0,38.7,58.2,81.1,37.7,,,,,5.4,4.8,6.6,4.9,4.4,5.8,,,,,,,1
1964,4,59.1,81.3,39.2,58.6,81.4,38.1,,,,,5.3,4.8,6.4,4.8,4.3,5.8,,,,,,,1
1964,5,59.1,81.4,39.1,58.6,81.4,38.0,,,,,5.1,4.5,6.3,4.5,4.0,5.5,,,,,,,1
1964,6,58.7,80.9,38.8,58.2,81.1,37.6,,,,,5.2,4.7,6.2,4.7,4.3,5.5,,,,,,,1
1964,7,58.6,81.1,38.5,58.1,81.2,37.3,,,,,4.9,4.4,6.0,4.3,3.9,5.1,,,,,,,1
1964,8,58.6,80.9,38.6,58.1,81.1,37.5,,,,,5.0,4.5,5.9,4.4,4.0,5.3,,,,,,,1
1964,9,58.7,81.1,38.5,58.1,81.2,37.3,,,,,5.1,4.6,6.0,4.5,4.1,5.2,,,,,,,1
1964,10,58.6,80.9,38.6,58.0,81.0,37.4,,,,,5.1,4.5,6.1,4.6,4.2,5.4,,,,,,,1
1964,11,58.5,80.8,38.5,57.9,80.8,37.2,,,,,4.8,4.3,5.9,4.3,3.8,5.4,,,,,,,1
1964,12,58.6,80.6,38.8,58.1,80.8,37.6,,,,,5.0,4.3,6.2,4.5,3.8,5.7,,,,,,,1
1965,1,58.6,80.7,38.7,58.1,80.8,37.7,,,,,4.9,4.3,5.9,4.3,3.8,5.3,,,,,,,1
1965,2,58.7,80.9,38.8,58.3,81.1,37.8,,,,,5.1,4.3,6.4,4.5,3.9,5.8,,,,,,,1
1965,3,58.7,80.7,39.0,58.3,80.9,37.8,,,,,4.7,4.1,5.9,4.3,3.7,5.3,,,,,,,1
1965,4,58.8,81.0,39.0,58.4,81.1,37.9,,,,,4.8,4.3,5.9,4.4,3.9,5.3,,,,,,,1
1965,5,59.0,81.2,39.0,58.5,81.3,38.0,,,,,4.6,4.1,5.5,4.2,3.8,4.9,,,,,,,1
1965,6,58.8,80.5,39.4,58.4,80.7,38.4,,,,,4.6,3.9,5.7,4.2,3.6,5.2,,,,,,,1
1965,7,59.1,80.9,39.5,58.6,81.0,38.4,,,,,4.4,3.9,5.3,3.9,3.5,4.6,,,,,,,1
1965,8,58.9,80.6,39.3,58.4,80.8,38.2,,,,,4.4,3.9,5.2,4.0,3.5,4.9,,,,,,,1
1965,9,58.7,80.3,39.3,58.2,80.5,38.1,,,,,4.3,3.7,5.4,3.8,3.3,4.8,,,,,,,1
1965,10,58.9,80.6,39.5,58.4,80.6,38.3,,,,,4.2,3.7,5.1,3.8,3.4,4.5,,,,,,,1
1965,11,58.8,80.3,39.6,58.3,80.3,38.5,,,,,4.1,3.4,5.4,3.7,3.0,5.0,,,,,,,1
1965,12,59.0,80.5,39.8,58.6,80.7,38.7,,,,,4.0,3.4,5.1,3.6,3.1,4.6,,,,,,,1
1966,1,59.0,80.5,39.8,58.6,80.7,38.7,,,,,4.0,3.4,5.0,3.5,3.1,4.4,,,,,,,1
1966,2,58.8,80.3,39.6,58.3,80.5,38.4,,,,,3.8,3.3,4.7,3.4,2.9,4.1,,,,,,,1
1966,3,58.8,80.4,39.6,58.4,80.7,38.5,,,,,3.8,3.3,4.8,3.4,2.9,4.3,,,,,,,1
1966,4,59.0,80.5,39.8,58.5,80.7,38.6,,,,,3.8,3.1,4.8,3.3,2.8,4.3,,,,,,,1
1966,5,59.0,80.3,40.0,58.6,80.5,39.0,,,,,3.9,3.2,5.2,3.5,2.8,4.7,,,,,,,1
1966,6,59.1,80.5,40.1,58.7,80.8,38.9,,,,,3.8,3.2,4.9,3.4,2.8,4.4,,,,,,,1
1966,7,59.1,80.5,40.2,58.6,80.5,39.1,,,,,3.8,3.2,4.8,3.3,2.8,4.3,,,,,,,1
1966,8,59.3,80.5,40.5,58.8,80.5,39.4,,,,,3.8,3.2,4.9,3.3,2.8,4.2,,,,,,,1
1966,9,59.3,80.2,40.7,58.7,80.3,39.5,,,,,3.7,3.1,4.7,3.2,2.7,4.0,,,,,,,1
1966,10,59.3,80.2,40.7,58.9,80.5,39.6,,,,,3.7,3.0,4.9,3.3,2.7,4.3,,,,,,,1
1966,11,59.6,80.4,41.1,59.2,80.6,40.1,,,,,3.6,3.1,4.6,3.2,2.7,4.1,,,,,,,1
1966,12,59.5,80.5,41.0,59.1,80.7,40.0,,,,,3.8,3.2,4.8,3.3,2.8,4.2,,,,,,,1
1967,1,59.5,80.5,40.8,59.0,80.7,39.7,,,,,3.9,3.0,5.4,3.4,2.7,4.7,,,,,,,1
1967,2,59.3,80.4,40.7,58.9,80.6,39.6,,,,,3.8,3.0,5.2,3.3,2.7,4.5,,,,,,,1
1967,3,59.1,80.2,40.4,58.7,80.4,39.5,,,,,3.8,3.0,5.1,3.3,2.6,4.5,,,,,,,1
1967,4,59.4,80.3,40.9,58.9,80.4,39.8,,,,,3.8,3.1,4.9,3.4,2.8,4.4,,,,,,,1
1967,5,59.3,80.3,40.7,58.9,80.5,39.7,,,,,3.8,3.2,5.0,3.3,2.8,4.4,,,,,,,1
1967,6,59.6,80.6,41.0,59.2,80.8,40.0,,,,,3.9,3.2,5.1,3.5,2.9,4.6,,,,,,,1
1967,7,59.6,80.6,41.1,59.3,80.8,40.1,,,,,3.8,3.0,5.1,3.3,2.7,4.5,,,,,,,1
1967,8,59.7,80.6,41.2,59.5,81.0,40.3,,,,,3.8,3.1,4.9,3.4,2.8,4.5,,,,,,,1
1967,9,59.7,80.3,41.4,59.3,80.6,40.4,,,,,3.8,2.9,5.3,3.3,2.6,4.6,,,,,,,1
1967,10,59.9,80.5,41.7,59.5,80.7,40.6,,,,,4.0,3.1,5.6,3.5,2.7,5.0,,,,,,,1
1967,11,59.8,80.4,41.6,59.4,80.6,40.6,,,,,3.9,3.1,5.2,3.5,2.9,4.6,,,,,,,1
1967,12,59.9,80.4,41.9,59.5,80.6,40.7,,,,,3.8,3.1,5.1,3.4,2.8,4.5,,,,,,,1
1968,1,59.2,79.8,41.0,58.9,80.1,40.0,,,,,3.7,3.0,5.0,3.3,2.7,4.3,,,,,3.4,5.9,1
1968,2,59.6,80.2,41.4,59.2,80.4,40.4,,,,,3.8,3.1,5.1,3.4,2.7,4.5,,,,,3.5,6.1,1
1968,3,59.6,80.0,41.5,59.2,80.2,40.5,,,,,3.7,3.0,4.8,3.2,2.6,4.3,,,,,3.3,6.1,1
1968,4,59.5,80.1,41.4,59.1,80.2,40.4,,,,,3.5,2.8,4.7,3.1,2.4,4.2,,,,,3.0,6.1,1
1968,5,59.9,80.1,42.0,59.5,80.4,41.0,,,,,3.5,2.7,4.7,3.1,2.5,4.2,,,,,3.0,6.2,1
1968,6,60.0,80.5,42.0,59.7,80.8,41.1,,,,,3.7,3.0,4.9,3.4,2.8,4.4,,,,,3.2,7.0,1
1968,7,59.8,80.3,41.8,59.5,80.6,40.8,,,,,3.7,2.9,5.0,3.2,2.6,4.4,,,,,3.2,6.0,1
1968,8,59.6,80.3,41.4,59.4,80.7,40.5,,,,,3.5,2.8,4.7,3.2,2.5,4.3,,,,,3.1,5.7,1
1968,9,59.5,79.9,41.6,59.3,80.2,40.8,,,,,3.4,2.7,4.5,3.1,2.5,4.0,,,,,3.0,5.6,1
1968,10,59.5,79.9,41.6,59.2,80.2,40.6,,,,,3.4,2.7,4.5,3.0,2.4,4.0,,,,,3.0,5.6,1
1968,11,59.6,79.8,41.8,59.4,80.0,41.0,,,,,3.4,2.7,4.6,3.0,2.4,4.1,,,,,3.0,5.8,1
1968,12,59.7,80.0,41.8,59.4,80.3,40.9,,,,,3.4,2.7,4.6,3.0,2.4,4.1,,,,,2.9,6.2,1
1969,1,59.6,79.8,41.9,59.3,80.1,40.9,,,,,3.4,2.7,4.6,3.0,2.4,4.0,,,,,3.1,5.5,1
1969,2,60.0,80.0,42.3,59.7,80.3,41.3,,,,,3.4,2.6,4.6,3.0,2.4,4.2,,,,,3.0,5.4,1
1969,3,59.9,79.9,42.3,59.7,80.3,41.4,,,,,3.4,2.7,4.6,3.0,2.4,4.1,,,,,3.0,5.6,1
1969,4,60.0,79.8,42.5,59.7,80.2,41.6,,,,,3.4,2.6,4.7,3.0,2.4,4.2,,,,,3.1,5.3,1
1969,5,59.8,79.5,42.4,59.6,80.0,41.6,,,,,3.4,2.6,4.6,3.0,2.4,4.2,,,,,3.0,5.9,1
1969,6,60.1,79.7,42.9,60.0,80.1,42.1,,,,,3.5,2.7,4.8,3.1,2.4,4.3,,,,,3.1,5.5,1
1969,7,60.1,79.8,42.9,59.9,80.1,42.0,,,,,3.5,2.9,4.6,3.2,2.6,4.0,,,,,3.2,5.8,1
1969,8,60.3,79.9,43.0,60.0,80.3,42.0,,,,,3.5,2.8,4.8,3.1,2.5,4.3,,,,,3.1,6.1,1
1969,9,60.3,80.1,42.9,60.1,80.4,42.0,,,,,3.7,3.1,4.9,3.4,2.8,4.4,,,,,3.3,6.1,1
1969,10,60.4,79.9,43.2,60.1,80.2,42.3,,,,,3.7,3.0,5.0,3.4,2.8,4.5,,,,,3.2,6.3,1
1969,11,60.2,79.8,43.0,59.9,80.1,42.1,,,,,3.5,2.9,4.5,3.2,2.6,4.1,,,,,3.1,5.7,1
1969,12,60.2,79.7,43.1,60.0,80.0,42.3,,,,,3.5,3.0,4.5,3.3,2.7,4.2,,,,,3.2,5.7,1
1970,1,60.4,79.9,43.3,60.2,80.1,42.4,,,,,3.9,3.3,4.9,3.6,3.0,4.5,,,,,3.5,6.2,1
1970,2,60.4,80.0,43.2,60.2,80.3,42.4,,,,,4.2,3.6,5.1,3.8,3.3,4.7,,,,,3.8,6.1,1
1970,3,60.6,80.0,43.4,60.4,80.4,42.6,,,,,4.4,3.7,5.6,4.0,3.4,5.1,,,,,4.0,6.5,1
1970,4,60.6,80.0,43.6,60.4,80.3,42.7,,,,,4.6,4.0,5.5,4.1,3.7,4.9,,,,,4.2,6.5,1
1970,5,60.3,79.9,43.1,60.2,80.3,42.3,,,,,4.8,4.2,5.7,4.4,3.8,5.3,,,,,4.5,6.2,1
1970,6,60.2,79.6,43.1,60.0,80.0,42.2,,,,,4.9,4.5,5.7,4.5,4.1,5.1,,,,,4.6,6.7,1
1970,7,60.4,79.6,43.5,60.2,80.0,42.7,,,,,5.0,4.6,5.8,4.6,4.3,5.3,,,,,4.7,6.9,1
1970,8,60.3,79.4,43.4,60.1,79.8,42.6,,,,,5.1,4.6,6.0,4.7,4.3,5.4,,,,,4.8,7.0,1
1970,9,60.2,79.5,43.2,60.1,79.9,42.4,,,,,5.4,4.8,6.3,5.0,4.5,5.8,,,,,5.0,7.5,1
1970,10,60.4,79.4,43.5,60.3,79.9,42.8,,,,,5.5,5.0,6.4,5.2,4.7,5.9,,,,,5.2,7.6,1
1970,11,60.4,79.5,43.5,60.3,80.0,42.8,,,,,5.9,5.2,6.9,5.4,4.9,6.4,,,,,5.5,7.8,1
1970,12,60.4,79.6,43.4,60.3,79.9,42.7,,,,,6.1,5.6,6.9,5.6,5.1,6.4,,,,,5.7,8.0,1
1971,1,60.4,79.4,43.6,60.3,79.8,43.0,,,,,5.9,5.4,6.8,5.5,5.0,6.4,,,,,5.5,8.1,1
1971,2,60.1,79.1,43.3,60.0,79.5,42.6,,,,,5.9,5.3,6.8,5.3,4.8,6.2,,,,,5.5,7.7,1
1971,3,60.0,78.9,43.3,59.8,79.3,42.5,,,,,6.0,5.3,7.1,5.5,4.9,6.5,,,,,5.5,8.1,1
1971,4,60.1,79.3,43.2,60.0,79.7,42.4,,,,,5.9,5.2,7.0,5.4,4.8,6.4,,,,,5.5,8.3,1
1971,5,60.2,79.3,43.2,60.1,79.9,42.3,,,,,5.9,5.3,6.9,5.4,5.0,6.2,,,,,5.6,8.0,1
1971,6,59.8,78.8,42.8,59.7,79.4,42.1,,,,,5.9,5.3,6.9,5.5,4.9,6.4,,,,,5.6,7.3,1
1971,7,60.1,79.3,43.1,59.9,79.8,42.1,,,,,6.0,5.4,7.0,5.5,5.0,6.2,,,,,5.7,7.7,1
1971,8,60.2,79.3,43.3,60.1,79.8,42.5,,,,,6.1,5.5,7.0,5.6,5.1,6.4,,,,,5.7,7.9,1
1971,9,60.1,79.0,43.4,60.1,79.5,42.6,,,,,6.0,5.4,6.9,5.4,4.9,6.3,,,,,5.7,7.4,1
1971,10,60.1,78.9,43.5,60.1,79.5,42.6,,,,,5.8,5.2,6.8,5.4,4.9,6.2,,,,,5.6,7.7,1
1971,11,60.4,79.1,43.8,60.4,79.7,43.1,,,,,6.0,5.4,7.0,5.6,5.0,6.6,,,,,5.7,7.8,1
1971,12,60.4,79.1,43.8,60.4,79.7,43.2,,,,,6.0,5.5,6.8,5.4,5.0,6.2,,,,,5.7,7.7,1
1972,1,60.2,78.8,43.8,60.3,79.6,43.1,59.7,72.7,49.1,,5.8,5.3,6.7,5.2,4.8,5.9,11.2,10.5,12.1,,5.5,7.7,1
1972,2,60.2,78.8,43.6,60.2,79.4,42.9,59.9,73.7,48.5,,5.7,5.3,6.4,5.1,4.7,5.7,11.2,10.8,11.7,,5.3,7.5,1
1972,3,60.5,79.1,43.9,60.4,79.6,43.2,60.1,73.7,48.9,,5.8,5.3,6.7,5.2,4.8,6.0,10.7,9.5,12.1,,5.4,8.0,1
1972,4,60.4,78.9,43.9,60.4,79.5,43.3,59.7,73.6,48.3,,5.7,5.1,6.7,5.3,4.7,6.2,9.8,8.9,11.0,,5.3,7.9,1
1972,5,60.4,78.9,43.9,60.4,79.4,43.3,60.1,73.9,48.7,,5.7,5.1,6.6,5.1,4.6,6.1,10.2,9.4,11.2,,5.4,7.2,1
1972,6,60.4,79.0,43.9,60.4,79.6,43.2,60.6,74.7,49.0,,5.7,4.9,6.8,5.1,4.6,6.1,10.2,8.3,12.5,,5.2,7.7,1
1972,7,60.4,78.9,43.9,60.4,79.5,43.3,59.8,73.9,48.2,,5.6,4.8,7.0,5.1,4.3,6.3,10.5,9.5,11.7,,5.3,7.3,1
1972,8,60.6,79.1,44.0,60.6,79.7,43.5,59.9,74.2,48.2,,5.6,4.9,6.9,5.1,4.5,6.2,10.6,9.5,12.0,,5.3,7.5,1
1972,9,60.4,78.9,43.9,60.5,79.7,43.3,59.8,73.4,48.6,,5.5,4.8,6.7,5.0,4.5,6.0,10.4,9.0,12.1,,5.1,7.8,1
1972,10,60.3,78.8,43.9,60.5,79.6,43.3,59.5,73.1,48.5,,5.6,4.8,6.8,5.1,4.6,5.9,10.6,8.9,12.7,,5.2,8.0,1
1972,11,60.3,78.8,43.9,60.3,79.4,43.2,60.1,73.3,49.3,,5.3,4.6,6.2,4.7,4.2,5.4,10.0,8.8,11.4,,4.7,8.0,1
1972,12,60.5,79.0,44.0,60.4,79.5,43.3,60.0,73.5,49.0,,5.2,4.5,6.2,4.6,4.0,5.5,9.4,8.6,10.4,,4.6,7.7,1
1973,1,60.0,78.4,43.7,60.1,79.1,43.1,59.1,72.2,48.4,,4.9,4.2,6.1,4.5,3.9,5.5,9.1,7.6,11.0,,4.6,6.7,1
1973,2,60.5,78.8,44.3,60.5,79.4,43.6,60.3,73.6,49.5,,5.0,4.3,6.2,4.5,3.9,5.5,9.5,7.8,11.6,,4.6,7.0,1
1973,3,60.8,79.1,44.4,60.8,79.7,43.7,60.4,73.9,49.3,59.0,4.9,4.3,6.0,4.4,3.8,5.3,9.4,7.9,11.2,7.3,4.5,6.9,1
1973,4,60.8,78.9,44.6,60.8,79.5,44.0,60.3,73.9,49.2,60.0,5.0,4.3,6.1,4.5,3.8,5.4,9.9,8.6,11.6,7.9,4.5,7.7,1
1973,5,60.6,78.6,44.6,60.7,79.2,44.1,59.6,73.3,48.5,59.3,4.9,4.3,5.7,4.3,3.8,5.2,9.6,8.7,10.7,8.1,4.4,7.4,1
1973,6,60.9,78.8,45.0,61.1,79.6,44.4,59.7,73.0,48.9,59.7,4.9,4.1,6.0,4.3,3.7,5.3,9.8,8.1,11.8,7.9,4.3,7.7,1
1973,7,60.9,78.9,44.8,60.8,79.5,44.1,60.7,73.8,50.1,59.8,4.8,4.0,6.0,4.2,3.5,5.2,9.8,8.7,11.2,7.2,4.3,7.7,1
1973,8,60.7,78.6,44.8,60.7,79.2,44.1,60.3,73.1,49.8,58.4,4.8,4.1,6.0,4.3,3.7,5.3,9.2,7.8,10.9,7.4,4.4,7.3,1
1973,9,60.8,78.6,45.0,60.9,79.3,44.3,60.2,73.1,49.7,59.5,4.8,4.0,6.1,4.3,3.7,5.3,9.7,8.0,11.7,7.7,4.4,7.2,1
1973,10,60.9,78.8,45.0,61.0,79.4,44.4,60.4,73.9,49.3,60.0,4.6,3.9,5.7,4.1,3.6,5.1,8.8,8.0,9.9,8.0,4.2,7.0,1
1973,11,61.2,79.0,45.3,61.2,79.5,44.8,60.5,73.7,49.7,60.7,4.8,4.1,6.0,4.3,3.7,5.3,9.3,7.8,11.0,8.1,4.5,6.8,1
1973,12,61.2,79.1,45.3,61.2,79.6,44.6,60.3,73.7,49.5,61.2,4.9,4.2,6.1,4.4,3.8,5.5,9.0,7.4,11.0,7.6,4.5,6.9,1
1974,1,61.3,79.5,45.1,61.3,79.9,44.5,60.9,75.0,49.4,61.3,5.1,4.4,6.2,4.6,3.9,5.6,9.5,8.6,10.8,7.6,4.7,7.1,1
1974,2,61.4,79.3,45.4,61.4,79.8,44.9,60.4,74.4,49.0,61.0,5.2,4.5,6.2,4.6,4.0,5.6,9.8,9.2,10.5,7.8,4.7,7.4,1
1974,3,61.3,79.0,45.5,61.4,79.5,45.0,59.5,74.1,47.7,59.8,5.1,4.4,6.1,4.5,3.8,5.6,9.8,9.7,10.0,7.6,4.6,7.1,1
1974,4,61.1,78.6,45.4,61.2,79.3,44.9,59.6,73.0,48.7,61.2,5.1,4.5,6.0,4.5,4.0,5.5,9.5,8.8,10.3,7.0,4.7,7.0,1
1974,5,61.2,78.7,45.5,61.3,79.4,44.9,59.9,72.8,49.4,61.7,5.1,4.4,6.3,4.6,4.0,5.7,9.7,8.5,11.1,7.3,4.8,7.5,1
1974,6,61.2,78.7,45.7,61.4,79.4,45.2,59.6,72.8,48.9,61.9,5.4,4.6,6.5,4.8,4.1,6.0,10.1,9.8,10.5,8.6,4.9,7.9,1
1974,7,61.4,78.4,46.1,61.5,79.1,45.6,59.6,72.1,49.5,63.0,5.5,4.7,6.8,4.9,4.2,6.0,10.4,9.0,12.0,8.8,5.1,7.7,1
1974,8,61.2,78.4,45.7,61.3,79.2,45.2,59.3,72.1,48.9,60.6,5.5,4.8,6.5,5.0,4.3,6.0,9.9,9.6,10.4,8.1,5.0,7.6,1
1974,9,61.4,78.6,46.0,61.5,79.4,45.4,60.0,72.6,49.8,60.4,5.9,5.0,7.1,5.4,4.6,6.7,10.8,10.7,11.0,8.1,5.5,8.2,1
1974,10,61.3,78.6,45.8,61.4,79.4,45.3,60.2,73.2,49.6,59.9,6.0,5.3,7.1,5.4,4.8,6.3,11.5,10.7,12.4,8.2,5.7,7.9,1
1974,11,61.3,78.6,45.9,61.5,79.3,45.5,59.5,72.7,48.8,60.6,6.6,5.8,7.9,6.0,5.2,7.2,12.4,11.8,13.3,8.6,6.2,8.5,1
1974,12,61.2,78.4,45.9,61.4,79.1,45.5,59.2,72.1,48.7,62.1,7.2,6.4,8.3,6.4,5.7,7.5,13.1,12.6,13.8,9.1,6.8,8.7,1
1975,1,61.4,78.3,46.3,61.6,78.9,45.9,59.3,72.2,48.8,62.4,8.1,7.3,9.2,7.4,6.6,8.6,14.1,14.0,14.2,10.7,7.8,9.1,1
1975,2,61.0,78.0,45.9,61.2,78.7,45.5,58.8,71.3,48.7,61.3,8.1,7.4,9.1,7.4,6.7,8.5,14.4,13.9,14.9,11.2,7.9,8.9,1
1975,3,61.2,78.0,46.2,61.4,78.8,45.7,59.1,71.3,49.2,60.2,8.6,7.9,9.6,7.8,7.1,8.8,15.1,14.9,15.3,12.1,8.4,9.2,1
1975,4,61.3,78.1,46.3,61.5,78.8,45.8,58.6,70.7,48.7,61.0,8.8,8.2,9.6,8.0,7.4,9.0,15.3,15.5,15.1,12.4,8.7,9.0,1
1975,5,61.5,78.3,46.4,61.7,79.1,46.0,58.9,70.9,49.1,62.0,9.0,8.4,9.8,8.4,7.8,9.3,15.1,14.8,15.4,14.3,9.0,9.2,1
1975,6,61.2,77.8,46.3,61.4,78.8,45.8,59.0,71.2,49.0,59.8,8.8,8.3,9.4,8.1,7.7,8.8,15.0,15.5,14.4,11.7,8.7,8.8,1
1975,7,61.3,78.1,46.4,61.6,78.9,46.0,58.5,71.0,48.3,60.5,8.6,8.2,9.3,8.0,7.6,8.7,14.1,14.4,13.7,11.6,8.6,8.7,1
1975,8,61.3,77.9,46.5,61.5,78.7,46.0,59.0,71.4,48.9,60.7,8.4,7.9,9.2,7.7,7.3,8.4,15.2,15.0,15.4,12.1,8.2,9.2,1
1975,9,61.2,77.8,46.4,61.5,78.6,45.9,59.1,71.6,49.0,60.6,8.4,8.0,9.0,7.7,7.5,8.1,15.4,15.2,15.5,12.7,8.5,8.9,1
1975,10,61.2,77.6,46.5,61.5,78.4,46.1,58.6,70.6,48.9,60.5,8.4,7.8,9.2,7.7,7.3,8.4,14.9,14.8,15.0,13.0,8.4,9.1,1
1975,11,61.1,77.5,46.4,61.3,78.2,45.9,58.5,70.4,48.8,59.6,8.3,7.8,9.0,7.6,7.1,8.2,14.6,14.7,14.4,12.4,8.2,8.8,1
1975,12,61.1,77.2,46.6,61.3,78.0,46.2,58.5,70.1,49.1,61.1,8.2,7.6,9.1,7.4,6.8,8.4,14.5,14.8,14.2,12.1,8.0,9.1,1
1976,1,61.3,77.4,46.9,61.5,78.2,46.4,58.9,70.1,49.8,61.7,7.9,7.3,8.9,7.2,6.6,8.1,14.3,14.1,14.4,11.4,7.7,9.0,1
1976,2,61.3,77.3,46.9,61.5,78.2,46.4,59.0,69.9,50.1,61.7,7.7,7.0,8.8,6.9,6.2,8.0,14.4,14.0,14.9,10.7,7.4,9.1,1
1976,3,61.3,77.3,47.0,61.5,78.2,46.4,59.1,69.3,50.8,59.5,7.6,6.9,8.6,6.9,6.2,7.8,13.5,13.3,13.8,11.0,7.4,8.6,1
1976,4,61.6,77.7,47.1,61.7,78.5,46.6,59.5,70.3,50.7,61.0,7.7,7.0,8.6,6.9,6.3,7.8,13.8,13.3,14.4,11.7,7.4,9.2,1
1976,5,61.5,77.6,47.2,61.8,78.4,46.7,58.8,70.0,49.7,60.3,7.4,6.9,8.1,6.7,6.3,7.4,13.2,13.0,13.4,10.5,7.2,8.7,1
1976,6,61.5,77.3,47.3,61.8,78.3,46.8,58.9,69.9,49.8,60.2,7.6,7.1,8.4,6.9,6.4,7.6,14.3,14.3,14.2,11.1,7.5,8.1,1
1976,7,61.8,77.6,47.6,62.1,78.5,47.2,58.7,69.8,49.7,60.9,7.8,7.1,8.8,7.1,6.5,7.9,13.9,13.3,14.6,11.7,7.4,9.5,1
1976,8,61.8,77.6,47.6,62.1,78.6,47.1,59.4,70.7,50.2,59.6,7.8,6.9,9.0,7.1,6.3,8.2,14.3,13.5,15.2,12.4,7.5,9.0,1
1976,9,61.6,77.5,47.3,61.9,78.4,47.0,58.7,70.2,49.2,60.5,7.6,7.0,8.7,7.0,6.5,7.8,13.7,13.4,14.0,11.8,7.6,8.6,1
1976,10,61.6,77.5,47.3,61.9,78.4,47.0,58.6,70.2,49.2,60.1,7.7,7.0,8.7,7.0,6.4,7.9,13.9,13.7,14.3,11.6,7.5,8.8,1
1976,11,61.9,77.7,47.7,62.0,78.4,47.2,59.5,70.8,50.3,60.7,7.8,7.3,8.7,7.1,6.6,7.9,14.0,14.1,13.9,11.7,7.6,9.0,1
1976,12,61.8,77.6,47.7,62.1,78.3,47.3,59.3,71.1,49.8,62.6,7.8,7.2,8.5,7.0,6.4,7.8,14.1,13.9,14.2,11.7,7.6,8.4,1
1977,1,61.6,77.3,47.6,61.9,78.0,47.2,59.1,70.7,49.7,61.9,7.5,6.8,8.5,6.8,6.1,7.7,13.8,13.0,14.6,11.2,7.2,8.8,1
1977,2,61.9,77.6,47.9,62.2,78.4,47.6,59.7,71.1,50.4,62.4,7.6,7.0,8.6,6.9,6.3,7.7,14.2,13.0,15.6,11.4,7.2,9.4,1
1977,3,62.0,77.5,48.2,62.3,78.3,47.9,59.5,71.0,50.2,60.9,7.4,6.6,8.6,6.7,5.9,7.8,13.9,13.1,14.8,11.2,7.1,9.2,1
1977,4,62.1,77.5,48.3,62.4,78.4,47.9,59.3,70.0,50.6,61.4,7.2,6.4,8.4,6.4,5.7,7.5,12.8,10.9,14.9,9.6,6.9,8.5,1
1977,5,62.2,77.6,48.4,62.5,78.4,48.0,59.5,70.2,50.8,61.5,7.0,6.4,7.9,6.3,5.7,7.1,13.5,13.3,13.8,9.9,6.8,8.4,1
1977,6,62.4,77.8,48.5,62.7,78.7,48.1,60.0,71.2,51.0,61.2,7.2,6.4,8.4,6.4,5.7,7.5,13.9,13.0,15.1,10.1,6.8,9.3,1
1977,7,62.1,77.6,48.3,62.4,78.3,48.0,59.3,70.6,50.0,61.0,6.9,6.1,8.0,6.0,5.3,7.1,13.9,13.6,14.3,9.5,6.6,8.3,1
1977,8,62.3,77.7,48.6,62.5,78.5,48.1,60.3,71.7,51.1,60.3,7.0,6.2,8.1,6.0,5.3,7.2,15.1,15.3,14.9,9.4,6.7,8.0,1
1977,9,62.3,77.3,48.8,62.5,78.2,48.3,59.9,70.0,51.7,61.1,6.8,5.8,8.1,6.0,5.1,7.2,14.5,13.9,15.1,9.7,6.5,8.6,1
1977,10,62.4,77.8,48.6,62.7,78.7,48.3,59.8,70.6,51.1,60.8,6.8,6.0,7.9,5.9,5.2,7.0,14.5,14.2,14.8,9.4,6.5,8.3,1
1977,11,62.8,78.0,49.1,63.0,78.8,48.7,60.4,71.3,51.5,62.1,6.8,5.8,8.1,5.8,5.0,7.0,14.7,13.5,15.9,9.3,6.4,8.4,1
1977,12,62.7,78.0,48.9,62.8,78.7,48.4,61.2,71.7,52.8,63.0,6.4,5.5,7.5,5.5,4.8,6.5,13.6,12.6,14.7,8.8,6.1,7.7,1
1978,1,62.8,77.9,49.2,62.9,78.6,48.7,61.2,72.1,52.4,63.0,6.4,5.6,7.6,5.5,4.8,6.6,13.9,13.4,14.5,9.3,6.1,7.9,1
1978,2,62.7,77.8,49.2,62.9,78.6,48.7,61.2,71.8,52.6,62.3,6.3,5.6,7.2,5.5,4.9,6.3,13.1,12.4,13.7,9.9,6.0,7.6,1
1978,3,62.8,77.7,49.4,62.8,78.4,48.7,61.4,72.0,52.9,62.6,6.3,5.6,7.2,5.4,4.9,6.1,13.1,12.1,14.2,9.5,5.9,8.2,1
1978,4,63.0,77.8,49.7,63.1,78.5,49.2,61.3,72.0,52.8,62.0,6.1,5.3,7.1,5.3,4.5,6.3,12.9,12.2,13.6,8.5,5.7,8.1,1
1978,5,63.1,77.8,49.9,63.2,78.5,49.3,61.5,71.8,53.2,62.7,6.0,5.2,7.2,5.2,4.4,6.3,13.0,11.9,14.1,9.6,5.7,7.7,1
1978,6,63.3,78.0,50.1,63.4,78.8,49.5,61.7,71.6,53.8,62.2,5.9,4.9,7.2,5.0,4.3,6.2,12.8,11.2,14.4,9.1,5.5,7.8,1
1978,7,63.2,77.8,50.1,63.3,78.4,49.6,61.5,71.8,53.2,61.9,6.2,5.1,7.6,5.3,4.4,6.5,13.0,11.3,14.8,9.5,5.8,8.0,1
1978,8,63.2,77.8,50.0,63.3,78.7,49.4,61.3,70.6,53.8,61.9,5.9,5.0,7.2,5.1,4.4,6.2,12.3,11.3,13.3,9.1,5.5,7.8,1
1978,9,63.3,77.6,50.4,63.4,78.3,49.8,61.6,71.3,53.7,62.2,6.0,5.1,7.2,5.2,4.4,6.3,11.9,10.8,13.1,8.9,5.6,8.0,1
1978,10,63.3,77.8,50.4,63.5,78.4,49.9,61.4,71.5,53.4,64.2,5.8,5.1,6.7,5.0,4.5,5.8,11.8,10.8,12.9,8.5,5.4,7.8,1
1978,11,63.5,78.0,50.5,63.6,78.6,50.0,61.6,72.2,53.2,64.8,5.9,5.0,7.0,5.0,4.3,6.1,12.7,12.1,13.4,8.4,5.4,8.0,1
1978,12,63.6,78.0,50.6,63.8,78.7,50.2,61.5,71.8,53.1,65.5,6.0,5.3,7.0,5.2,4.6,6.1,12.4,11.6,13.3,8.7,5.5,8.2,1
1979,1,63.6,78.2,50.5,63.9,79.1,50.2,61.1,71.4,52.8,65.7,5.9,5.1,6.9,5.1,4.5,6.0,12.4,11.5,13.4,8.2,5.4,8.0,1
1979,2,63.8,78.3,50.8,64.1,79.2,50.4,61.6,71.9,53.2,65.5,5.9,5.2,6.9,5.1,4.4,6.0,13.1,12.3,13.9,7.7,5.5,7.7,1
1979,3,63.8,78.0,51.0,64.0,78.8,50.5,61.7,71.9,53.5,63.8,5.8,5.1,6.8,5.1,4.4,6.0,12.5,12.2,12.8,7.9,5.4,8.0,1
1979,4,63.5,77.8,50.6,63.7,78.6,50.1,61.4,71.3,53.4,63.7,5.8,5.1,6.8,5.0,4.4,5.9,12.9,11.8,14.1,8.2,5.5,7.6,1
1979,5,63.3,77.6,50.6,63.6,78.3,50.2,61.0,71.4,52.6,62.6,5.6,4.8,6.7,4.8,4.1,5.8,12.4,11.2,13.7,7.9,5.2,7.9,1
1979,6,63.5,77.8,50.7,63.7,78.5,50.2,61.4,71.7,53.0,62.4,5.7,4.9,6.8,4.9,4.2,5.9,12.2,11.0,13.6,8.4,5.3,7.6,1
1979,7,63.6,77.9,50.9,63.8,78.6,50.4,61.6,71.9,53.2,62.5,5.7,5.1,6.6,4.9,4.4,5.7,12.1,11.2,13.0,8.1,5.4,7.4,1
1979,8,63.6,77.7,51.0,63.8,78.3,50.6,61.3,72.1,52.6,62.0,6.0,5.2,7.1,5.3,4.6,6.2,12.4,11.0,13.8,8.7,5.6,8.0,1
1979,9,63.8,77.9,51.1,64.0,78.5,50.8,61.3,72.0,52.7,62.6,5.9,5.2,6.7,5.2,4.6,5.9,11.7,10.5,13.0,7.6,5.5,7.6,1
1979,10,63.7,77.6,51.3,63.9,78.2,50.9,61.7,71.9,53.5,63.2,6.0,5.3,6.9,5.2,4.6,6.0,12.3,11.4,13.3,8.7,5.6,7.8,1
1979,11,63.7,77.5,51.3,63.9,78.3,50.8,61.1,70.9,53.2,64.2,5.9,5.3,6.7,5.2,4.7,5.9,11.9,11.3,12.5,9.2,5.6,7.4,1
1979,12,63.9,77.6,51.5,64.2,78.5,51.2,61.2,70.9,53.4,65.5,6.0,5.3,6.8,5.2,4.7,6.0,12.2,11.7,12.7,9.1,5.6,7.6,1
1980,1,64.0,77.8,51.6,64.3,78.6,51.3,61.3,71.2,53.3,65.0,6.3,5.8,6.9,5.5,5.0,6.1,13.0,13.1,13.0,8.7,6.0,7.7,1
1980,2,64.0,77.9,51.5,64.4,78.8,51.2,61.0,70.7,53.3,64.1,6.3,5.8,7.0,5.5,5.0,6.2,12.9,12.8,13.1,8.9,6.0,7.7,1
1980,3,63.7,77.6,51.3,64.1,78.5,51.0,60.5,70.1,52.8,64.1,6.3,5.9,6.9,5.6,5.3,6.0,12.9,12.5,13.3,9.2,6.1,7.5,1
1980,4,63.8,77.5,51.4,64.1,78.4,51.1,60.8,70.6,52.9,64.0,6.9,6.7,7.2,6.1,6.0,6.3,13.8,13.8,13.8,10.4,6.8,7.7,1
1980,5,63.9,77.7,51.5,64.2,78.6,51.1,61.0,70.5,53.4,63.7,7.5,7.4,7.5,6.6,6.7,6.6,14.4,14.4,14.4,10.1,7.4,7.7,1
1980,6,63.7,77.4,51.3,64.0,78.3,51.0,60.7,70.5,52.8,63.9,7.6,7.6,7.6,6.7,6.8,6.7,14.6,15.1,14.0,10.1,7.5,7.6,1
1980,7,63.8,77.5,51.5,64.0,78.3,51.1,61.4,71.2,53.5,64.3,7.8,7.8,7.8,6.9,7.0,6.8,15.3,16.0,14.6,10.8,7.8,7.6,1
1980,8,63.7,77.3,51.5,63.9,78.1,51.0,61.0,70.7,53.2,64.2,7.7,7.7,7.8,6.9,6.9,6.9,14.6,15.6,13.5,10.8,7.7,7.4,1
1980,9,63.6,77.2,51.4,63.9,77.9,51.1,60.8,71.0,52.6,63.6,7.5,7.6,7.3,6.6,6.7,6.5,14.8,16.2,13.2,11.4,7.5,7.5,1
1980,10,63.7,77.3,51.6,64.0,78.0,51.3,61.1,70.8,53.4,64.0,7.5,7.4,7.7,6.6,6.6,6.7,15.1,15.3,14.9,10.6,7.5,8.0,1
1980,11,63.8,77.3,51.6,64.0,78.0,51.3,61.1,70.7,53.4,63.8,7.5,7.3,7.6,6.5,6.5,6.6,15.1,15.0,15.2,9.9,7.5,7.4,1
1980,12,63.6,77.0,51.5,63.9,77.7,51.2,60.9,70.1,53.4,64.1,7.2,6.9,7.6,6.3,6.0,6.7,15.0,14.6,15.3,10.3,7.3,6.9,1
1981,1,63.9,77.3,51.9,64.3,78.1,51.6,61.1,70.6,53.5,64.3,7.5,7.2,7.8,6.7,6.5,7.0,14.6,14.6,14.5,10.6,7.4,7.9,1
1981,2,63.9,77.2,52.0,64.4,78.3,51.8,60.6,70.0,53.0,65.1,7.4,7.3,7.7,6.6,6.5,6.7,14.7,14.6,14.8,11.3,7.4,7.7,1
1981,3,64.1,77.3,52.1,64.4,78.3,51.8,61.1,70.2,53.8,63.7,7.4,7.1,7.7,6.5,6.4,6.6,15.1,14.3,15.9,10.2,7.3,7.8,1
1981,4,64.2,77.5,52.3,64.5,78.3,52.0,61.6,70.7,54.3,64.3,7.2,6.9,7.6,6.4,6.2,6.7,14.7,14.6,14.7,9.5,7.1,7.8,1
1981,5,64.3,77.5,52.4,64.7,78.4,52.3,61.1,71.1,53.0,64.5,7.5,7.3,7.8,6.6,6.4,6.8,14.8,14.9,14.8,10.0,7.3,8.1,1
1981,6,63.7,76.7,52.1,64.2,77.7,51.8,60.5,69.3,53.4,64.4,7.5,7.3,7.8,6.5,6.4,6.7,15.7,15.8,15.6,10.3,7.4,7.7,1
1981,7,63.8,76.8,52.1,64.2,77.7,51.9,60.1,69.1,52.8,64.1,7.2,6.9,7.7,6.3,6.0,6.8,15.0,15.1,14.8,10.0,7.2,7.8,1
1981,8,63.8,76.9,52.1,64.2,77.7,51.9,60.3,69.7,52.8,63.8,7.4,7.2,7.7,6.3,6.2,6.5,16.3,16.5,16.1,10.0,7.2,8.3,1
1981,9,63.5,76.6,51.7,63.8,77.5,51.4,60.6,69.9,53.1,63.4,7.6,7.2,8.1,6.6,6.3,7.0,15.9,15.7,16.1,9.6,7.5,8.1,1
1981,10,63.8,76.7,52.3,64.2,77.6,52.0,61.2,70.0,54.1,63.9,7.9,7.7,8.3,6.9,6.7,7.1,16.7,16.6,16.7,10.7,7.9,8.1,1
1981,11,63.9,76.7,52.4,64.2,77.6,52.0,61.2,69.8,54.2,64.2,8.3,8.1,8.4,7.3,7.2,7.4,16.8,17.5,16.0,11.2,8.3,8.5,1
1981,12,63.6,76.6,52.0,64.0,77.5,51.8,61.0,70.1,53.6,63.9,8.5,8.5,8.5,7.5,7.6,7.5,17.2,18.0,16.3,11.7,8.7,7.5,1
1982,1,63.7,76.6,52.1,64.0,77.4,51.9,61.0,70.0,53.9,63.6,8.6,8.7,8.5,7.6,7.7,7.5,17.3,18.4,16.1,11.7,8.7,8.2,1
1982,2,63.8,76.7,52.3,64.2,77.5,52.1,61.0,70.3,53.5,64.3,8.9,8.8,8.9,7.8,7.8,7.8,17.7,18.6,16.8,12.1,8.9,8.6,1
1982,3,63.8,76.6,52.4,64.2,77.4,52.1,60.8,70.0,53.4,64.3,9.0,9.1,8.9,8.0,8.1,7.8,18.1,19.0,17.2,12.2,9.2,8.3,1
1982,4,63.9,76.7,52.4,64.3,77.5,52.3,60.4,69.8,52.9,64.0,9.3,9.4,9.3,8.3,8.4,8.2,18.2,18.9,17.4,12.9,9.5,8.8,1
1982,5,64.2,77.0,52.7,64.6,77.8,52.6,60.8,69.9,53.5,64.5,9.4,9.4,9.3,8.2,8.3,8.1,18.5,19.3,17.7,13.9,9.6,8.4,1
1982,6,63.9,76.5,52.7,64.4,77.4,52.5,60.4,69.2,53.3,63.3,9.6,9.8,9.2,8.5,8.8,8.1,18.5,19.8,17.1,13.8,9.9,7.6,1
1982,7,64.0,76.5,52.8,64.4,77.3,52.7,60.8,69.7,53.7,63.0,9.8,10.0,9.6,8.7,9.0,8.4,18.8,19.5,18.0,14.2,10.0,9.0,1
1982,8,64.1,76.6,52.8,64.4,77.4,52.6,61.0,69.8,53.9,63.5,9.8,10.2,9.4,8.7,9.1,8.2,18.9,19.8,17.9,14.8,10.1,8.3,1
1982,9,64.1,76.7,52.8,64.5,77.6,52.6,61.2,70.2,54.0,63.2,10.1,10.6,9.5,9.0,9.4,8.4,19.7,21.5,17.8,14.4,10.5,8.4,1
1982,10,64.1,76.7,52.7,64.4,77.6,52.5,61.2,70.4,53.9,63.7,10.4,10.9,9.8,9.2,9.6,8.7,20.1,21.8,18.3,15.0,10.9,8.2,1
1982,11,64.2,76.7,52.9,64.5,77.5,52.7,61.4,70.9,53.8,63.2,10.8,11.1,10.2,9.6,10.0,9.1,20.2,21.8,18.6,15.2,11.2,8.9,1
1982,12,64.1,76.5,53.0,64.4,77.3,52.8,61.7,70.8,54.3,63.6,10.8,11.2,10.4,9.7,9.9,9.3,20.9,22.9,18.7,15.7,11.3,8.9,1
1983,1,63.9,76.1,52.9,64.1,76.7,52.6,61.9,70.9,54.7,63.4,10.4,10.7,10.1,9.1,9.4,8.8,21.2,22.4,20.0,15.3,10.9,8.5,1
1983,2,63.8,76.0,52.7,64.0,76.8,52.3,61.6,70.1,54.7,63.5,10.4,10.9,9.9,9.3,9.7,8.6,19.9,21.1,18.7,15.5,10.9,8.1,1
1983,3,63.7,76.0,52.6,63.9,76.7,52.3,61.4,70.1,54.5,63.0,10.3,10.7,9.8,9.1,9.6,8.4,20.1,21.0,19.2,15.6,10.8,8.4,1
1983,4,63.8,76.1,52.6,64.0,76.8,52.3,61.4,70.4,54.3,63.7,10.2,10.7,9.5,8.9,9.5,8.2,20.4,21.5,19.2,14.8,10.6,8.3,1
1983,5,63.7,76.1,52.5,64.0,76.9,52.2,61.5,70.4,54.2,63.4,10.1,10.5,9.5,8.8,9.3,8.1,20.3,21.9,18.6,14.0,10.4,8.4,1
1983,6,64.3,76.8,53.0,64.6,77.5,52.7,62.1,71.6,54.4,64.1,10.1,10.1,9.9,8.7,8.9,8.6,20.7,21.6,19.8,14.3,10.2,8.8,1
1983,7,64.1,76.7,52.8,64.4,77.4,52.6,61.9,71.4,54.2,63.5,9.4,9.8,9.0,8.2,8.5,7.7,19.4,20.6,18.1,12.4,9.7,8.0,1
1983,8,64.3,76.7,53.2,64.6,77.4,53.0,61.8,71.1,54.3,64.3,9.5,9.8,9.0,8.2,8.6,7.7,19.7,21.0,18.4,13.0,9.8,7.9,1
1983,9,64.3,76.5,53.3,64.6,77.3,53.0,61.7,70.6,54.6,64.1,9.2,9.5,8.7,8.0,8.4,7.4,18.8,19.5,18.0,12.9,9.5,7.9,1
1983,10,64.0,76.3,53.0,64.5,77.2,52.8,60.8,69.7,53.6,63.5,8.8,9.1,8.5,7.7,8.1,7.1,18.2,18.1,18.2,12.1,9.1,7.8,1
1983,11,64.1,76.5,53.1,64.6,77.3,53.0,61.0,70.4,53.5,63.9,8.5,8.6,8.2,7.4,7.6,7.0,17.5,17.6,17.4,12.3,8.6,7.7,1
1983,12,64.1,76.3,53.2,64.6,77.2,53.1,61.2,70.1,54.0,64.1,8.3,8.3,8.3,7.1,7.3,6.9,17.8,17.3,18.3,11.6,8.4,8.0,1
1984,1,63.9,76.1,52.9,64.3,76.9,52.8,61.0,70.3,53.6,64.5,8.0,8.1,7.9,6.9,7.0,6.7,17.3,17.4,17.2,11.4,8.2,7.5,1
1984,2,64.1,76.2,53.2,64.4,76.9,53.0,61.8,71.1,54.2,63.7,7.8,7.8,7.8,6.8,6.8,6.7,16.2,16.5,15.8,10.4,7.9,7.5,1
1984,3,64.1,76.2,53.2,64.5,77.0,53.0,61.5,70.7,54.1,64.7,7.8,7.7,7.8,6.7,6.7,6.7,16.6,17.3,15.8,11.5,7.9,7.4,1
1984,4,64.3,76.2,53.5,64.6,77.0,53.3,61.5,70.0,54.6,64.2,7.7,7.7,7.8,6.7,6.6,6.7,16.5,17.4,15.6,11.6,7.9,7.2,1
1984,5,64.5,76.3,53.9,64.8,77.0,53.7,61.8,70.5,54.8,64.8,7.4,7.3,7.6,6.4,6.3,6.5,15.7,16.0,15.4,10.6,7.5,7.3,1
1984,6,64.6,76.6,53.7,64.9,77.5,53.5,62.1,70.5,55.4,65.1,7.2,7.1,7.4,6.2,6.1,6.4,15.6,16.6,14.6,10.3,7.1,7.7,1
1984,7,64.6,76.4,53.9,64.8,77.1,53.6,62.5,70.9,55.6,65.0,7.5,7.4,7.6,6.3,6.2,6.4,16.7,17.6,15.8,10.4,7.5,7.7,1
1984,8,64.4,76.3,53.7,64.5,76.9,53.2,62.9,71.0,56.3,65.1,7.5,7.3,7.8,6.4,6.2,6.7,16.0,16.3,15.8,10.7,7.5,7.7,1
1984,9,64.4,76.5,53.5,64.6,77.2,53.2,62.3,70.8,55.5,65.3,7.3,7.3,7.4,6.4,6.3,6.5,15.0,15.5,14.5,10.5,7.3,7.5,1
1984,10,64.4,76.3,53.7,64.7,77.0,53.3,62.7,71.2,55.8,65.1,7.4,7.1,7.7,6.3,6.2,6.6,15.3,15.5,15.2,10.8,7.4,7.2,1
1984,11,64.5,76.4,53.7,64.6,77.1,53.3,63.0,71.0,56.5,65.1,7.2,7.0,7.4,6.2,6.2,6.2,15.0,14.6,15.3,10.2,7.2,7.1,1
1984,12,64.6,76.5,53.9,64.9,77.2,53.6,63.0,71.2,56.3,65.9,7.3,7.2,7.4,6.3,6.2,6.4,15.2,15.7,14.7,10.4,7.3,7.3,1
1985,1,64.7,76.3,54.2,64.9,76.9,53.8,63.0,70.7,56.8,63.9,7.3,7.1,7.6,6.3,6.2,6.6,15.2,15.5,14.8,10.5,7.3,7.7,1
1985,2,64.7,76.2,54.4,65.0,76.9,54.1,62.8,70.9,56.3,64.3,7.2,7.1,7.4,6.2,6.1,6.3,15.8,15.9,15.7,9.8,7.2,7.2,1
1985,3,64.9,76.3,54.6,65.1,77.0,54.3,62.8,70.4,56.6,64.7,7.2,7.0,7.5,6.2,6.0,6.5,15.1,15.4,14.9,10.5,7.1,7.7,1
1985,4,64.9,76.4,54.5,65.0,77.1,54.0,63.0,70.5,56.9,64.2,7.3,7.1,7.5,6.3,6.1,6.5,15.1,15.3,14.9,10.4,7.2,7.7,1
1985,5,64.8,76.3,54.4,65.0,77.1,53.9,62.9,70.5,56.7,64.1,7.2,6.9,7.6,6.2,5.9,6.5,15.2,15.1,15.4,10.6,7.1,7.9,1
1985,6,64.6,76.1,54.1,64.8,77.0,53.7,62.8,70.3,56.6,64.3,7.4,7.2,7.5,6.5,6.5,6.6,14.4,14.5,14.3,10.7,7.2,7.8,1
1985,7,64.7,76.2,54.3,64.9,76.9,53.9,62.8,70.8,56.4,64.8,7.4,7.2,7.6,6.4,6.3,6.4,15.2,15.3,15.1,11.2,7.3,7.7,1
1985,8,64.6,76.2,54.2,64.8,76.8,53.9,62.6,70.7,56.0,65.4,7.1,6.9,7.3,6.2,6.1,6.3,14.3,13.9,14.7,10.4,7.1,7.2,1
1985,9,64.9,76.3,54.6,65.1,77.0,54.3,62.9,71.3,56.1,65.6,7.1,6.9,7.4,6.1,5.9,6.3,15.2,15.4,15.0,10.4,7.1,7.4,1
1985,10,65.0,76.4,54.6,65.3,77.2,54.4,62.8,71.2,56.1,65.3,7.1,7.1,7.3,6.1,6.0,6.2,15.0,15.8,14.2,11.1,7.0,7.7,1
1985,11,64.9,76.2,54.7,65.2,76.9,54.4,63.0,70.7,56.7,64.4,7.0,6.9,7.2,5.9,5.8,6.0,15.6,15.9,15.3,10.6,7.0,7.1,1
1985,12,65.0,76.1,54.9,65.2,76.8,54.6,63.3,71.1,56.9,64.3,7.0,6.8,7.2,6.0,5.8,6.2,15.0,15.5,14.6,10.5,6.9,7.4,1
1986,1,64.9,76.2,54.7,65.2,76.9,54.4,63.1,71.3,56.5,64.0,6.7,6.5,6.9,5.7,5.5,6.0,14.5,14.9,14.1,10.2,6.7,7.0,1
1986,2,65.0,76.2,54.8,65.2,76.9,54.6,62.9,71.0,56.4,64.7,7.2,7.0,7.4,6.3,6.1,6.6,14.4,14.7,14.1,11.9,7.1,7.6,1
1986,3,65.1,76.2,55.1,65.3,76.9,54.7,63.5,71.6,57.0,64.9,7.2,7.0,7.4,6.2,6.1,6.3,14.6,14.8,14.3,10.7,7.1,7.4,1
1986,4,65.1,76.2,55.1,65.3,76.8,54.7,63.9,71.6,57.7,65.0,7.1,6.9,7.4,6.1,6.0,6.3,14.8,14.9,14.7,10.3,7.0,7.6,1
1986,5,65.2,76.2,55.2,65.3,76.8,54.9,64.0,72.0,57.4,64.8,7.2,7.1,7.3,6.2,6.2,6.2,14.6,14.7,14.5,10.8,7.1,7.3,1
1986,6,65.4,76.3,55.5,65.7,77.0,55.2,64.0,71.9,57.5,65.6,7.2,7.1,7.3,6.2,6.2,6.2,15.1,15.2,15.0,10.6,7.1,7.7,1
1986,7,65.4,76.3,55.5,65.6,76.9,55.3,63.1,71.3,56.4,66.0,7.0,7.1,7.0,6.1,6.2,6.0,14.4,15.1,13.6,10.7,6.9,7.6,1
1986,8,65.3,76.1,55.6,65.6,76.8,55.4,62.5,70.0,56.4,65.7,6.9,6.9,6.9,5.9,5.8,5.9,14.8,15.2,14.5,10.9,6.8,7.6,1
1986,9,65.4,76.3,55.5,65.7,77.0,55.3,63.2,70.9,57.0,66.0,7.0,7.1,6.9,6.0,6.1,5.9,14.9,15.6,14.2,11.1,6.9,7.5,1
1986,10,65.4,76.2,55.7,65.7,76.9,55.4,63.4,71.1,57.1,65.9,7.0,7.0,6.9,6.0,6.0,6.0,14.6,15.2,13.9,10.4,6.9,7.3,1
1986,11,65.4,76.4,55.5,65.7,77.1,55.2,63.2,70.7,57.1,65.7,6.9,6.9,6.9,6.0,6.0,5.9,14.3,14.4,14.3,9.3,6.8,7.4,1
1986,12,65.3,76.3,55.4,65.7,77.1,55.1,62.9,70.8,56.5,66.4,6.6,6.7,6.5,5.8,5.9,5.6,13.7,13.5,13.8,10.5,6.5,7.2,1
1987,1,65.4,76.3,55.4,65.6,77.0,55.2,63.2,71.0,56.9,66.5,6.6,6.7,6.6,5.7,5.9,5.6,14.0,13.8,14.3,10.6,6.5,7.3,1
1987,2,65.5,76.3,55.6,65.7,77.0,55.3,63.6,70.9,57.7,66.4,6.6,6.6,6.6,5.7,5.8,5.5,13.8,13.3,14.3,9.8,6.5,7.1,1
1987,3,65.5,76.2,55.8,65.7,76.9,55.4,63.5,70.8,57.5,66.0,6.6,6.5,6.7,5.7,5.8,5.5,13.8,13.0,14.5,9.3,6.3,7.7,1
1987,4,65.4,76.1,55.8,65.7,76.7,55.5,63.1,70.6,57.0,66.4,6.3,6.3,6.3,5.4,5.6,5.3,12.9,12.8,13.1,8.9,6.2,7.2,1
1987,5,65.7,76.4,56.1,66.0,77.1,55.9,63.6,71.1,57.5,66.6,6.3,6.4,6.2,5.4,5.5,5.2,13.6,13.9,13.3,8.6,6.1,7.1,1
1987,6,65.5,76.1,55.9,65.7,76.7,55.6,63.6,70.8,57.7,65.8,6.2,6.3,6.0,5.4,5.6,5.1,12.9,12.9,13.0,8.5,6.2,6.0,1
1987,7,65.6,76.0,56.1,65.7,76.6,55.7,64.1,71.5,58.1,65.4,6.1,6.1,6.0,5.2,5.3,5.0,12.9,13.0,12.7,8.1,6.0,6.5,1
1987,8,65.7,76.3,56.2,65.9,76.8,55.9,64.6,72.0,58.6,66.1,6.0,6.1,6.0,5.1,5.2,5.0,12.6,12.7,12.5,7.9,5.9,6.8,1
1987,9,65.5,76.0,56.0,65.8,76.7,55.7,63.9,70.9,58.1,66.2,5.9,5.8,6.0,5.1,5.1,5.1,12.6,12.0,13.2,8.3,5.7,6.9,1
1987,10,65.7,76.2,56.3,66.0,76.9,55.9,64.4,70.8,59.1,66.7,6.0,5.9,6.1,5.2,5.2,5.1,12.3,11.6,12.9,8.4,5.8,6.8,1
1987,11,65.7,76.1,56.3,65.9,76.7,55.9,64.3,71.1,58.7,67.0,5.8,5.7,6.0,5.0,5.0,5.0,12.1,11.8,12.4,8.8,5.6,6.7,1
1987,12,65.7,76.1,56.4,66.0,76.8,56.0,64.2,70.9,58.7,67.1,5.7,5.7,5.8,4.9,4.9,4.9,12.1,11.9,12.2,8.1,5.5,6.7,1
1988,1,65.8,76.2,56.4,66.0,76.8,56.1,64.1,71.1,58.4,67.8,5.7,5.7,5.8,5.0,5.0,4.9,12.0,11.7,12.4,7.6,5.5,6.9,1
1988,2,65.9,76.2,56.5,66.2,76.9,56.3,63.8,71.2,57.9,68.6,5.7,5.6,5.9,4.9,4.7,5.1,12.4,12.7,12.0,8.5,5.5,6.5,1
1988,3,65.7,75.9,56.4,66.0,76.7,56.1,63.6,70.5,57.9,66.8,5.7,5.7,5.7,4.8,4.9,4.6,12.7,12.7,12.6,8.4,5.5,6.6,1
1988,4,65.8,76.2,56.4,66.1,76.8,56.3,63.6,71.2,57.4,66.8,5.4,5.3,5.6,4.6,4.6,4.6,12.2,11.6,12.7,8.8,5.3,6.4,1
1988,5,65.7,76.2,56.1,66.0,76.9,56.1,63.5,71.3,57.1,66.5,5.6,5.6,5.6,4.7,4.7,4.6,12.3,12.3,12.3,8.8,5.4,6.4,1
1988,6,65.8,76.2,56.4,66.2,76.9,56.3,63.0,70.6,56.7,67.7,5.4,5.4,5.4,4.6,4.6,4.6,11.5,11.5,11.5,8.8,5.2,6.3,1
1988,7,65.9,76.2,56.5,66.1,76.9,56.1,64.1,70.8,58.7,67.2,5.4,5.3,5.5,4.7,4.6,4.7,11.6,11.5,11.7,7.9,5.2,6.5,1
1988,8,66.1,76.5,56.6,66.4,77.1,56.5,64.0,71.4,58.0,66.7,5.6,5.6,5.6,4.8,4.9,4.7,11.4,11.4,11.5,8.1,5.5,6.2,1
1988,9,65.9,76.2,56.6,66.3,76.9,56.5,63.6,70.7,57.9,67.6,5.4,5.3,5.5,4.8,4.8,4.7,11.0,10.8,11.2,7.4,5.2,6.4,1
1988,10,66.0,76.1,56.8,66.3,76.8,56.7,64.0,71.2,58.1,67.6,5.4,5.4,5.4,4.7,4.7,4.6,11.1,11.4,10.8,7.8,5.1,6.3,1
1988,11,66.2,76.1,57.2,66.5,76.9,56.9,64.0,70.8,58.4,68.0,5.3,5.3,5.3,4.6,4.6,4.6,11.0,11.3,10.8,7.9,5.2,6.0,1
1988,12,66.1,76.0,57.2,66.4,76.8,56.9,64.4,70.9,59.0,67.7,5.3,5.3,5.3,4.6,4.7,4.5,11.3,11.3,11.2,7.6,5.2,5.8,1
1989,1,66.5,76.4,57.5,66.8,77.2,57.2,64.5,71.4,58.8,68.2,5.4,5.4,5.4,4.6,4.7,4.5,11.8,11.8,11.7,8.6,5.2,6.7,1
1989,2,66.3,76.3,57.1,66.5,77.0,56.8,64.5,71.5,58.9,68.1,5.2,5.2,5.1,4.3,4.4,4.1,11.9,12.1,11.6,7.0,4.9,6.1,1
1989,3,66.3,76.3,57.2,66.6,77.2,56.9,64.0,70.9,58.4,67.3,5.0,4.9,5.2,4.2,4.2,4.3,11.1,11.1,11.1,6.6,4.9,5.3,1
1989,4,66.4,76.5,57.3,66.8,77.3,57.1,63.4,70.3,57.9,67.7,5.2,5.2,5.3,4.5,4.4,4.5,11.1,11.8,10.4,8.1,5.1,6.2,1
1989,5,66.3,76.3,57.3,66.6,77.0,57.1,64.1,70.7,58.8,67.9,5.2,5.0,5.4,4.4,4.3,4.6,11.2,11.4,11.0,7.9,5.0,5.8,1
1989,6,66.5,76.7,57.3,66.8,77.3,57.1,64.4,71.4,58.7,67.3,5.3,5.1,5.6,4.5,4.3,4.7,11.7,11.3,12.1,8.2,5.1,6.4,1
1989,7,66.5,76.5,57.4,66.7,77.2,57.1,64.5,71.2,59.0,67.9,5.2,5.0,5.6,4.5,4.3,4.8,11.0,10.5,11.5,8.8,5.1,6.0,1
1989,8,66.5,76.5,57.5,66.8,77.2,57.2,64.1,71.0,58.5,67.4,5.2,5.1,5.4,4.5,4.4,4.6,11.1,11.3,11.0,8.8,5.1,6.0,1
1989,9,66.4,76.1,57.5,66.6,76.8,57.2,64.1,70.5,58.9,67.2,5.3,5.4,5.2,4.5,4.7,4.3,11.7,11.6,11.7,8.1,5.1,6.4,1
1989,10,66.5,76.5,57.4,66.8,77.2,57.2,64.0,70.7,58.5,67.1,5.3,5.3,5.4,4.5,4.5,4.5,11.7,11.8,11.6,8.0,5.1,6.3,1
1989,11,66.6,76.4,57.8,66.9,77.2,57.5,64.2,70.9,58.7,67.8,5.4,5.4,5.4,4.6,4.6,4.5,11.7,12.1,11.4,7.9,5.1,6.4,1
1989,12,66.5,76.4,57.5,66.8,77.1,57.4,63.9,70.9,58.3,67.7,5.4,5.3,5.4,4.6,4.6,4.6,11.6,12.3,10.9,8.3,5.1,6.5,1
1990,1,66.8,76.7,57.7,67.1,77.5,57.5,64.4,71.1,59.0,67.8,5.4,5.4,5.3,4.6,4.6,4.6,11.1,11.7,10.4,7.3,5.1,6.2,1
1990,2,66.7,76.6,57.6,67.0,77.4,57.4,64.5,71.0,59.3,67.7,5.3,5.2,5.4,4.6,4.5,4.6,11.0,11.2,10.8,7.5,5.0,6.3,1
1990,3,66.7,76.6,57.6,67.0,77.3,57.4,64.5,71.1,59.1,67.5,5.2,5.2,5.3,4.5,4.5,4.5,10.9,11.1,10.7,7.4,5.1,6.0,1
1990,4,66.6,76.4,57.5,66.9,77.2,57.4,64.1,71.0,58.6,67.7,5.4,5.4,5.4,4.7,4.8,4.7,10.7,11.0,10.5,8.5,5.3,6.2,1
1990,5,66.6,76.4,57.7,66.9,77.1,57.5,64.4,71.1,59.1,67.9,5.4,5.3,5.4,4.6,4.7,4.6,10.6,10.9,10.4,7.9,5.2,6.2,1
1990,6,66.4,76.3,57.4,66.8,77.0,57.4,63.6,70.7,57.9,67.6,5.2,5.3,5.2,4.5,4.6,4.5,10.5,10.8,10.1,7.7,5.1,6.2,1
1990,7,66.5,76.3,57.5,66.9,77.0,57.5,63.6,71.0,57.7,67.5,5.5,5.6,5.4,4.7,4.8,4.6,11.4,12.0,10.8,8.0,5.3,6.6,1
1990,8,66.5,76.3,57.6,67.0,77.1,57.6,63.6,71.0,57.7,68.0,5.7,5.8,5.6,4.9,5.0,4.7,11.7,12.1,11.3,8.3,5.5,6.7,1
1990,9,66.4,76.1,57.6,66.9,76.8,57.6,63.6,71.1,57.6,67.2,5.9,5.9,5.8,5.0,5.1,4.9,12.1,12.8,11.4,8.3,5.7,6.4,1
1990,10,66.4,76.2,57.4,66.8,76.9,57.4,63.7,71.2,57.8,66.9,5.9,6.1,5.7,5.1,5.3,4.9,12.1,12.8,11.3,8.5,5.8,6.4,1
1990,11,66.4,76.3,57.4,66.7,76.9,57.3,63.9,71.5,57.9,66.7,6.2,6.4,5.9,5.3,5.5,5.0,12.4,13.2,11.5,8.9,6.1,6.5,1
1990,12,66.4,76.3,57.3,66.7,76.9,57.3,63.7,71.1,57.7,66.5,6.3,6.5,5.9,5.4,5.8,5.0,12.4,13.1,11.8,9.9,6.2,6.6,1
1991,1,66.2,76.0,57.3,66.6,76.7,57.3,63.4,70.4,57.8,66.8,6.4,6.5,6.2,5.6,5.8,5.4,11.9,12.2,11.6,9.1,6.2,6.6,1
1991,2,66.2,75.9,57.4,66.7,76.7,57.4,63.4,71.0,57.3,66.3,6.6,6.9,6.1,5.8,6.1,5.3,12.2,13.1,11.4,9.2,6.6,6.4,1
1991,3,66.3,76.1,57.3,66.7,76.7,57.3,64.0,71.5,57.9,65.9,6.8,7.2,6.3,6.0,6.5,5.5,12.5,12.8,12.1,9.8,6.7,7.3,1
1991,4,66.4,76.0,57.6,66.9,76.8,57.7,63.8,71.1,57.9,66.6,6.7,7.1,6.2,5.9,6.3,5.4,12.7,13.6,11.8,9.8,6.7,6.7,1
1991,5,66.2,75.8,57.4,66.6,76.6,57.3,63.1,69.7,57.8,66.2,6.9,7.2,6.6,6.1,6.4,5.8,12.8,13.8,12.0,10.0,6.8,7.2,1
1991,6,66.2,75.8,57.4,66.7,76.6,57.5,63.2,70.6,57.2,66.5,6.9,7.2,6.5,6.2,6.5,5.8,12.5,13.5,11.5,10.1,6.9,7.1,1
1991,7,66.1,75.8,57.2,66.5,76.6,57.2,63.1,70.3,57.2,66.8,6.8,7.2,6.3,6.2,6.7,5.6,11.9,12.8,11.0,9.6,6.8,6.9,1
1991,8,66.0,75.6,57.2,66.5,76.4,57.2,62.8,69.9,57.1,66.5,6.9,7.2,6.5,6.2,6.5,5.7,12.4,12.8,12.0,10.5,6.9,6.9,1
1991,9,66.2,75.8,57.4,66.6,76.5,57.3,63.8,70.8,58.1,66.4,6.9,7.3,6.4,6.2,6.7,5.5,12.3,12.6,11.9,10.9,6.9,7.0,1
1991,10,66.1,75.6,57.5,66.6,76.4,57.6,63.2,70.1,57.6,66.9,7.0,7.3,6.6,6.2,6.6,5.7,13.3,12.8,13.8,10.7,7.0,7.1,1
1991,11,66.1,75.5,57.5,66.6,76.3,57.5,62.6,69.7,56.8,66.7,7.0,7.4,6.7,6.3,6.7,5.8,12.5,12.5,12.5,10.4,7.0,7.2,1
1991,12,66.0,75.4,57.5,66.4,76.1,57.4,63.1,70.3,57.3,66.2,7.3,7.6,6.9,6.5,6.8,6.0,12.9,13.6,12.3,10.2,7.2,7.3,1
1992,1,66.3,75.7,57.7,66.7,76.4,57.6,63.5,70.9,57.5,66.7,7.3,7.8,6.7,6.4,6.9,5.8,13.5,14.5,12.5,11.0,7.2,7.3,1
1992,2,66.2,75.6,57.7,66.7,76.3,57.7,63.6,70.8,57.8,66.9,7.4,7.9,6.9,6.5,7.0,6.0,14.2,15.5,13.0,11.3,7.5,7.3,1
1992,3,66.4,75.8,57.8,66.8,76.4,57.8,63.6,70.7,57.8,67.0,7.4,7.9,6.9,6.5,7.0,6.0,14.1,15.4,12.8,11.2,7.4,7.3,1
1992,4,66.5,75.8,57.9,66.9,76.6,57.9,63.5,70.2,58.0,66.8,7.4,7.7,6.9,6.5,6.9,6.0,14.1,14.9,13.2,11.0,7.5,7.0,1
1992,5,66.6,76.1,57.8,66.9,76.7,57.6,64.0,70.7,58.6,67.1,7.6,8.1,7.1,6.6,7.2,5.9,14.7,15.6,13.9,11.7,7.5,7.6,1
1992,6,66.7,76.2,57.9,66.9,76.8,57.7,64.5,71.2,59.0,67.2,7.8,8.3,7.3,6.9,7.4,6.2,14.6,15.6,13.6,12.1,7.9,7.6,1
1992,7,66.7,76.0,58.1,67.0,76.7,57.9,64.5,70.9,59.3,66.9,7.7,8.0,7.3,6.7,7.0,6.3,14.4,15.4,13.4,11.7,7.7,7.6,1
1992,8,66.6,76.0,58.0,66.9,76.6,57.7,64.9,71.2,59.8,66.9,7.6,8.0,7.2,6.7,7.1,6.2,14.2,15.3,13.2,11.7,7.7,7.5,1
1992,9,66.5,75.9,57.8,66.8,76.6,57.6,64.2,70.8,58.9,66.8,7.6,8.0,7.2,6.7,7.1,6.3,13.9,15.1,12.8,11.8,7.6,7.7,1
1992,10,66.2,75.6,57.6,66.6,76.3,57.6,63.9,70.6,58.5,66.6,7.3,7.8,6.8,6.5,6.9,6.1,14.3,15.5,13.1,11.8,7.4,7.4,1
1992,11,66.3,75.6,57.8,66.7,76.2,57.8,63.7,70.4,58.2,66.5,7.4,7.8,7.0,6.5,6.9,6.0,14.1,14.8,13.4,12.0,7.4,7.5,1
1992,12,66.3,75.5,57.9,66.7,76.3,57.7,63.6,69.8,58.5,66.6,7.4,7.6,7.2,6.5,6.7,6.1,14.3,15.2,13.5,11.5,7.3,8.1,1
1993,1,66.2,75.4,57.7,66.6,76.2,57.7,63.0,70.1,57.3,66.6,7.3,7.4,7.0,6.3,6.5,6.0,14.1,14.5,13.7,11.3,7.1,7.6,1
1993,2,66.2,75.4,57.7,66.6,76.2,57.6,63.9,70.8,58.3,66.5,7.1,7.4,6.9,6.2,6.5,5.9,13.5,14.2,12.8,11.5,7.1,7.5,1
1993,3,66.2,75.6,57.6,66.6,76.3,57.6,63.1,70.1,57.3,66.4,7.0,7.5,6.5,6.1,6.5,5.7,13.7,15.4,12.0,11.3,7.0,7.3,1
1993,4,66.1,75.4,57.7,66.6,76.2,57.6,62.9,69.6,57.5,66.0,7.1,7.4,6.7,6.1,6.4,5.8,14.0,15.5,12.5,11.0,7.0,7.4,1
1993,5,66.4,75.6,58.0,66.8,76.2,58.0,63.4,70.1,58.0,65.8,7.1,7.3,6.8,6.2,6.4,5.9,13.1,14.1,12.2,10.2,7.1,7.0,1
1993,6,66.5,75.7,58.0,66.9,76.4,58.0,63.1,69.8,57.8,66.0,7.0,7.4,6.7,6.2,6.5,5.8,13.4,14.2,12.5,10.4,7.0,7.3,1
1993,7,66.4,75.7,57.9,66.8,76.4,57.9,63.2,69.9,57.7,66.0,6.9,7.2,6.5,6.1,6.5,5.6,12.7,13.1,12.2,10.7,6.9,6.8,1
1993,8,66.4,75.7,58.0,66.9,76.4,58.1,63.3,70.1,57.8,65.8,6.8,7.1,6.4,6.0,6.3,5.5,12.3,12.9,11.7,9.8,6.8,6.9,1
1993,9,66.2,75.2,57.9,66.7,76.0,58.0,63.1,69.4,57.9,65.8,6.7,7.0,6.4,5.9,6.2,5.7,12.5,13.6,11.5,10.0,6.6,7.1,1
1993,10,66.3,75.3,58.1,67.0,76.3,58.3,62.7,68.4,58.1,66.6,6.8,6.9,6.5,6.2,6.3,6.0,11.8,12.5,11.2,11.4,6.7,7.4,1
1993,11,66.3,75.1,58.2,66.8,75.9,58.2,63.3,69.0,58.7,66.3,6.6,6.7,6.5,5.7,5.8,5.6,12.6,13.7,11.6,10.5,6.5,7.1,1
1993,12,66.4,75.0,58.4,66.9,75.9,58.4,62.8,67.8,58.8,66.4,6.5,6.6,6.4,5.8,6.0,5.5,11.7,12.0,11.4,10.6,6.5,6.7,1
1994,1,66.6,75.3,58.7,67.1,76.1,58.6,63.3,68.9,58.8,65.7,6.6,6.8,6.4,5.7,5.9,5.5,13.1,13.8,12.4,10.5,6.7,6.2,1
1994,2,66.6,75.1,58.8,67.1,75.9,59.0,63.5,69.3,58.8,66.0,6.6,6.7,6.4,5.7,5.9,5.5,12.8,13.8,12.0,10.1,6.7,5.9,1
1994,3,66.5,74.9,58.7,66.9,75.6,58.7,63.7,68.9,59.4,66.2,6.5,6.5,6.5,5.7,5.7,5.5,12.4,12.2,12.6,9.9,6.6,6.3,1
1994,4,66.5,74.9,58.8,67.0,75.8,58.8,63.5,69.1,59.0,66.2,6.4,6.4,6.3,5.6,5.7,5.4,11.9,12.2,11.6,10.8,6.4,6.2,1
1994,5,66.6,74.8,58.9,67.1,75.6,59.1,63.4,69.8,58.3,66.6,6.1,6.1,6.0,5.2,5.3,5.1,11.7,12.1,11.3,9.6,6.1,6.1,1
1994,6,66.4,74.7,58.7,66.8,75.5,58.7,63.6,68.9,59.2,65.9,6.1,6.1,6.1,5.3,5.3,5.3,11.3,11.8,10.8,10.3,6.1,5.8,1
1994,7,66.4,74.8,58.6,66.9,75.7,58.7,63.0,68.6,58.5,66.0,6.1,6.3,5.9,5.3,5.5,5.1,10.9,12.2,9.7,10.1,6.1,5.9,1
1994,8,66.6,75.0,58.9,67.2,76.0,59.0,63.1,68.4,58.8,65.7,6.0,6.1,6.0,5.2,5.3,5.2,11.2,12.0,10.4,9.8,6.0,6.3,1
1994,9,66.6,75.0,58.9,67.2,75.8,59.1,63.1,68.5,58.7,65.8,5.9,5.8,5.9,5.1,5.1,5.2,10.6,10.9,10.2,10.1,5.9,5.8,1
1994,10,66.7,75.2,58.9,67.3,76.0,59.0,63.8,69.6,59.0,66.5,5.8,5.8,5.7,5.0,5.1,4.9,11.3,11.5,11.0,9.5,5.8,5.8,1
1994,11,66.7,75.2,58.9,67.2,76.0,59.1,63.4,69.4,58.6,66.8,5.6,5.6,5.6,4.8,4.8,4.8,10.8,11.0,10.7,8.9,5.6,5.5,1
1994,12,66.7,75.4,58.7,67.3,76.2,59.0,63.0,69.4,57.8,65.8,5.5,5.5,5.5,4.8,4.9,4.6,9.9,9.8,10.0,9.3,5.3,6.0,1
1995,1,66.8,75.4,58.8,67.2,76.1,58.8,63.4,69.5,58.5,65.6,5.6,5.6,5.6,4.8,4.9,4.7,10.3,10.4,10.2,10.2,5.4,6.1,1
1995,2,66.8,75.4,58.8,67.1,76.0,58.8,64.3,70.2,59.4,65.4,5.4,5.4,5.5,4.7,4.7,4.7,10.1,10.1,10.2,9.0,5.3,5.8,1
1995,3,66.7,75.3,58.8,67.1,76.0,58.8,63.9,69.5,59.3,65.4,5.4,5.3,5.5,4.7,4.8,4.7,9.7,9.0,10.3,8.9,5.3,5.8,1
1995,4,66.9,75.3,59.2,67.3,75.9,59.2,64.4,70.0,59.8,65.9,5.8,5.6,5.9,5.0,5.0,5.1,10.7,10.6,10.9,8.9,5.7,6.2,1
1995,5,66.5,74.9,58.8,66.9,75.6,58.9,63.7,69.2,59.2,65.9,5.6,5.8,5.5,5.0,5.2,4.9,10.0,10.8,9.2,9.8,5.6,6.2,1
1995,6,66.5,75.0,58.7,67.0,75.7,58.7,63.6,69.3,59.1,66.0,5.6,5.6,5.7,4.9,4.9,4.9,10.7,11.0,10.5,9.1,5.5,6.2,1
1995,7,66.6,74.9,59.1,67.2,75.7,59.2,63.1,68.5,58.8,66.1,5.7,5.6,5.8,4.9,4.8,5.0,10.9,11.2,10.6,8.8,5.5,6.4,1
1995,8,66.6,74.8,59.0,67.1,75.6,59.1,63.3,68.7,58.9,66.0,5.7,5.7,5.6,4.9,4.9,4.8,11.1,11.8,10.5,9.6,5.6,6.0,1
1995,9,66.6,75.0,59.0,67.1,75.8,59.1,63.4,68.7,59.1,66.5,5.6,5.6,5.7,4.9,4.9,4.8,11.1,11.0,11.2,9.1,5.5,5.9,1
1995,10,66.6,74.7,59.2,67.1,75.7,59.1,63.7,68.1,60.1,66.3,5.5,5.4,5.7,4.9,4.8,4.9,10.0,9.8,10.2,9.4,5.4,6.1,1
1995,11,66.5,74.6,59.1,66.9,75.5,58.9,64.3,68.2,61.1,65.7,5.6,5.7,5.5,5.0,5.1,4.8,9.7,10.2,9.2,9.5,5.5,5.9,1
1995,12,66.4,74.6,58.9,66.9,75.5,58.8,63.7,68.2,60.1,65.6,5.6,5.7,5.5,4.9,4.9,4.9,10.2,11.2,9.2,9.3,5.5,6.0,1
1996,1,66.4,74.6,58.9,66.8,75.6,58.6,64.0,68.4,60.3,65.9,5.6,5.6,5.8,4.9,4.9,5.0,10.6,10.9,10.4,9.4,5.6,6.0,1
1996,2,66.6,74.9,58.9,67.1,75.8,58.9,63.2,68.3,59.2,66.3,5.5,5.6,5.4,4.8,4.9,4.8,10.0,11.0,9.0,9.6,5.4,6.0,1
1996,3,66.6,74.9,59.0,67.1,75.7,59.0,63.8,68.8,59.7,65.8,5.5,5.6,5.3,4.8,4.9,4.6,10.6,11.7,9.5,9.6,5.4,5.9,1
1996,4,66.7,74.9,59.1,67.1,75.8,58.9,63.9,68.5,60.1,65.7,5.6,5.6,5.5,4.8,4.9,4.8,10.7,11.5,10.0,9.6,5.5,5.9,1
1996,5,66.7,75.0,59.1,67.2,75.9,59.1,64.2,69.0,60.3,65.7,5.6,5.6,5.5,4.9,4.9,4.9,10.2,11.1,9.4,9.6,5.5,6.1,1
1996,6,66.7,75.0,59.0,67.1,75.9,58.9,63.8,68.2,60.3,65.7,5.3,5.3,5.3,4.6,4.6,4.5,10.4,11.1,9.8,8.8,5.2,5.6,1
1996,7,66.9,75.2,59.3,67.3,76.0,59.1,64.5,69.3,60.6,66.1,5.5,5.5,5.4,4.7,4.7,4.7,10.6,11.6,9.7,8.8,5.3,6.0,1
1996,8,66.7,74.8,59.3,67.1,75.7,59.1,64.8,69.6,60.9,66.8,5.1,5.0,5.3,4.4,4.4,4.5,10.6,10.6,10.7,8.8,5.0,5.8,1
1996,9,66.9,75.0,59.5,67.3,75.8,59.3,63.9,68.6,60.2,66.8,5.2,5.2,5.2,4.5,4.5,4.4,10.6,11.3,9.9,8.2,5.1,5.5,1
1996,10,67.0,75.1,59.6,67.5,76.1,59.4,64.6,68.8,61.1,67.3,5.2,5.1,5.4,4.5,4.4,4.5,10.7,11.2,10.3,8.0,5.1,5.7,1
1996,11,67.0,74.9,59.8,67.4,75.8,59.6,64.5,68.9,60.9,68.3,5.4,5.3,5.4,4.6,4.6,4.7,10.6,11.3,10.0,8.5,5.3,5.6,1
1996,12,67.0,74.8,59.8,67.4,75.8,59.6,64.3,67.9,61.4,67.5,5.4,5.0,5.7,4.6,4.4,4.9,10.5,10.0,11.0,7.4,5.2,6.0,1
1997,1,67.0,74.9,59.6,67.3,75.9,59.3,64.4,68.1,61.4,68.4,5.3,5.3,5.3,4.5,4.6,4.4,10.8,11.1,10.5,8.4,5.2,5.7,1
1997,2,66.9,74.9,59.5,67.3,75.8,59.4,64.3,67.8,61.5,67.7,5.2,5.1,5.4,4.5,4.4,4.5,10.7,10.6,10.8,8.2,5.1,5.9,1
1997,3,67.1,75.0,59.8,67.5,75.9,59.5,64.4,67.9,61.6,67.7,5.2,5.1,5.2,4.4,4.4,4.4,10.5,11.1,10.0,8.3,5.1,5.6,1
1997,4,67.1,75.1,59.7,67.5,76.0,59.5,64.3,67.8,61.4,67.0,5.1,5.1,5.0,4.3,4.3,4.2,10.2,10.6,9.8,8.2,4.9,5.7,1
1997,5,67.1,75.0,59.8,67.5,75.8,59.6,64.3,67.8,61.4,67.8,4.9,4.6,5.2,4.1,3.9,4.4,10.3,10.2,10.3,7.7,4.8,5.5,1
1997,6,67.1,75.0,59.7,67.5,75.9,59.6,64.5,68.7,61.0,67.9,5.0,5.0,5.0,4.2,4.2,4.2,10.8,11.4,10.2,7.5,4.9,5.2,1
1997,7,67.2,75.0,60.0,67.6,75.8,59.7,64.7,68.3,61.7,68.3,4.9,4.8,5.0,4.2,4.2,4.2,9.5,9.6,9.5,7.9,4.8,5.3,1
1997,8,67.2,75.0,59.9,67.5,75.8,59.6,65.8,70.0,62.4,68.2,4.8,4.8,4.9,4.2,4.2,4.2,9.4,9.3,9.5,7.2,4.7,5.5,1
1997,9,67.1,74.9,60.0,67.5,75.7,59.7,65.3,69.0,62.4,67.7,4.9,4.7,5.0,4.2,4.1,4.3,9.5,9.5,9.5,7.4,4.7,5.5,1
1997,10,67.1,74.9,59.8,67.5,75.8,59.6,64.6,68.5,61.5,68.0,4.7,4.7,4.7,4.1,4.2,4.0,9.5,9.4,9.6,7.8,4.6,5.3,1
1997,11,67.2,75.1,59.8,67.5,76.0,59.5,64.7,68.2,61.9,68.0,4.6,4.6,4.7,3.9,4.0,3.8,9.5,9.1,9.8,7.0,4.4,5.3,1
1997,12,67.2,74.9,60.1,67.5,75.8,59.7,65.0,67.8,62.7,67.9,4.7,4.7,4.8,3.9,3.9,3.9,10.0,9.9,10.0,7.3,4.6,5.1,1
1998,1,67.1,74.9,59.9,67.3,75.7,59.4,65.1,68.5,62.3,67.5,4.6,4.5,4.8,4.0,3.9,4.1,9.4,9.4,9.3,7.1,4.4,5.4,1
1998,2,67.1,74.8,59.9,67.3,75.7,59.4,65.2,68.1,62.9,67.7,4.6,4.5,4.8,3.9,3.9,4.0,9.3,9.3,9.3,6.9,4.5,5.3,1
1998,3,67.1,74.8,59.9,67.3,75.6,59.5,65.7,69.0,63.0,68.2,4.7,4.6,4.8,4.0,4.0,4.0,9.2,9.1,9.3,6.9,4.5,5.6,1
1998,4,67.0,74.8,59.7,67.2,75.5,59.3,65.4,69.0,62.4,68.2,4.3,4.1,4.6,3.7,3.6,3.8,9.1,8.6,9.5,6.7,4.2,4.9,1
1998,5,67.0,74.9,59.7,67.3,75.7,59.5,64.7,68.2,61.9,68.7,4.4,4.3,4.5,3.8,3.8,3.8,8.9,8.2,9.5,6.9,4.3,4.9,1
1998,6,67.0,74.9,59.7,67.2,75.5,59.3,65.8,69.7,62.7,68.3,4.5,4.4,4.6,3.9,3.9,3.9,8.8,8.6,8.9,7.4,4.4,5.1,1
1998,7,67.0,75.0,59.7,67.2,75.5,59.2,65.8,69.8,62.5,67.9,4.5,4.6,4.5,3.8,3.9,3.8,9.5,10.1,8.9,7.3,4.4,5.1,1
1998,8,67.0,74.6,59.8,67.3,75.5,59.5,65.5,68.9,62.8,67.7,4.5,4.4,4.6,3.9,3.9,4.0,8.8,8.9,8.8,7.4,4.3,5.3,1
1998,9,67.2,75.0,60.0,67.4,75.7,59.7,65.6,69.2,62.8,68.2,4.6,4.6,4.6,3.9,4.0,3.8,9.1,9.1,9.2,7.3,4.4,5.3,1
1998,10,67.2,74.9,60.0,67.4,75.7,59.5,66.2,69.7,63.3,67.9,4.5,4.4,4.7,3.9,3.9,4.0,8.6,8.5,8.7,7.2,4.3,5.7,1
1998,11,67.1,75.0,59.9,67.4,75.7,59.4,66.0,69.3,63.3,67.6,4.4,4.3,4.6,3.8,3.7,3.9,8.6,8.9,8.3,7.1,4.2,5.4,1
1998,12,67.2,74.9,60.0,67.4,75.7,59.6,65.6,68.5,63.3,67.8,4.4,4.3,4.4,3.8,3.8,3.9,7.7,7.9,7.6,7.7,4.2,5.2,1
1999,1,67.2,75.0,60.1,67.4,75.8,59.5,66.2,69.5,63.5,67.9,4.3,4.2,4.4,3.8,3.7,3.9,7.8,8.0,7.6,6.7,4.1,5.2,1
1999,2,67.2,74.9,60.0,67.5,75.8,59.6,65.6,68.4,63.2,67.9,4.4,4.3,4.5,3.8,3.8,3.8,8.2,8.1,8.2,6.7,4.3,5.0,1
1999,3,67.0,74.7,59.9,67.3,75.7,59.5,65.5,68.2,63.4,67.8,4.2,3.9,4.4,3.6,3.4,3.8,8.0,7.8,8.3,5.8,4.0,4.9,1
1999,4,67.1,74.6,60.1,67.3,75.5,59.5,65.6,68.0,63.7,67.5,4.3,4.1,4.6,3.8,3.6,4.1,7.8,7.8,7.8,7.0,4.2,4.9,1
1999,5,67.1,74.8,59.9,67.3,75.5,59.5,65.6,68.9,63.0,67.5,4.2,4.2,4.2,3.7,3.7,3.7,7.4,7.7,7.2,6.7,4.0,5.1,1
1999,6,67.1,74.7,60.1,67.4,75.5,59.7,65.7,68.6,63.4,67.7,4.3,4.2,4.4,3.8,3.7,3.9,7.7,7.8,7.5,6.6,4.1,5.3,1
1999,7,67.1,74.7,60.0,67.3,75.6,59.5,66.0,68.2,64.3,67.6,4.3,4.2,4.5,3.7,3.6,3.8,8.7,8.7,8.6,6.5,4.2,4.8,1
1999,8,67.0,74.6,60.0,67.3,75.6,59.5,65.7,68.3,63.7,68.0,4.2,4.1,4.3,3.7,3.8,3.6,7.7,7.4,8.0,6.5,4.1,4.4,1
1999,9,67.0,74.6,60.0,67.2,75.4,59.4,66.4,68.9,64.3,67.7,4.2,4.1,4.4,3.6,3.5,3.8,8.5,8.8,8.3,6.7,4.0,5.1,1
1999,10,67.0,74.6,60.1,67.2,75.3,59.6,66.1,69.6,63.3,67.6,4.1,4.1,4.1,3.5,3.5,3.6,8.4,9.5,7.4,6.4,4.0,4.8,1
1999,11,67.1,74.6,60.2,67.3,75.4,59.7,65.9,68.8,63.5,67.9,4.1,4.0,4.2,3.5,3.3,3.6,8.0,8.6,7.5,6.0,3.9,5.0,1
1999,12,67.1,74.8,60.1,67.4,75.5,59.8,65.7,68.9,63.1,68.1,4.0,4.0,4.1,3.5,3.4,3.5,7.8,8.1,7.6,5.8,3.9,4.9,1
2000,1,67.3,75.1,60.1,67.5,75.9,59.7,65.3,67.0,63.9,70.2,4.0,3.9,4.1,3.4,3.4,3.5,8.2,8.7,7.7,5.6,3.9,4.7,1
2000,2,67.3,75.3,60.0,67.5,76.0,59.6,65.3,67.1,63.8,69.9,4.1,4.1,4.1,3.6,3.5,3.6,8.1,8.4,7.7,5.7,3.9,5.0,1
2000,3,67.3,75.0,60.1,67.5,75.9,59.7,64.7,66.2,63.5,70.0,4.0,3.8,4.3,3.5,3.3,3.8,7.4,7.6,7.3,6.1,3.8,5.0,1
2000,4,67.3,74.9,60.3,67.5,75.6,60.0,66.0,69.5,63.3,69.9,3.8,3.7,4.0,3.4,3.3,3.5,7.0,7.2,6.8,5.5,3.7,4.5,1
2000,5,67.1,74.8,60.0,67.2,75.4,59.5,65.9,68.9,63.5,69.8,4.0,3.9,4.2,3.5,3.3,3.7,7.7,8.1,7.4,5.8,3.9,5.2,1
2000,6,67.1,74.8,60.0,67.3,75.5,59.5,65.7,69.0,63.0,69.8,4.0,3.8,4.1,3.4,3.3,3.6,7.8,8.5,7.2,5.6,3.8,4.8,1
2000,7,66.9,74.5,59.9,67.1,75.2,59.4,65.4,68.6,62.8,68.9,4.0,3.9,4.2,3.5,3.4,3.7,7.7,7.9,7.5,5.8,3.8,5.1,1
2000,8,66.9,74.8,59.6,67.2,75.6,59.2,65.4,68.8,62.8,69.2,4.1,3.9,4.3,3.6,3.4,3.8,7.9,8.6,7.3,5.9,4.0,4.8,1
2000,9,66.9,74.6,59.8,67.1,75.3,59.4,65.0,68.2,62.5,69.8,3.9,3.9,4.0,3.5,3.4,3.6,7.3,7.8,7.0,5.8,3.8,4.7,1
2000,10,66.8,74.5,59.7,67.0,75.2,59.3,65.4,68.8,62.6,69.4,3.9,3.9,3.9,3.4,3.4,3.4,7.3,8.1,6.6,5.1,3.8,4.5,1
2000,11,66.9,74.6,59.9,67.0,75.1,59.4,65.8,69.1,63.0,69.8,3.9,3.9,4.0,3.5,3.4,3.5,7.3,7.8,6.9,6.0,3.8,4.6,1
2000,12,67.0,74.7,59.9,67.3,75.3,59.7,65.5,69.2,62.6,69.9,3.9,4.0,3.8,3.5,3.5,3.5,7.4,8.6,6.4,5.7,3.8,4.5,1
2001,1,67.2,75.0,60.1,67.4,75.7,59.7,66.1,69.4,63.4,69.9,4.2,4.2,4.1,3.6,3.8,3.5,8.2,8.2,8.2,5.8,4.1,4.9,1
2001,2,67.1,74.8,60.0,67.4,75.5,59.7,65.6,68.9,63.0,70.0,4.2,4.3,4.2,3.7,3.8,3.7,7.7,8.3,7.2,6.1,4.1,4.9,1
2001,3,67.2,74.7,60.2,67.4,75.5,59.8,65.9,68.8,63.6,70.3,4.3,4.3,4.2,3.7,3.8,3.7,8.3,9.0,7.7,6.2,4.1,4.9,1
2001,4,66.9,74.6,59.8,67.1,75.3,59.4,65.4,68.7,62.8,69.9,4.4,4.5,4.3,3.9,3.9,3.8,8.0,9.4,6.7,6.4,4.2,5.3,1
2001,5,66.7,74.4,59.7,66.9,75.0,59.2,65.3,68.1,63.0,69.3,4.3,4.4,4.2,3.8,3.9,3.8,7.9,8.9,7.0,6.3,4.3,4.6,1
2001,6,66.7,74.3,59.7,66.9,75.0,59.2,65.4,67.9,63.4,68.6,4.5,4.6,4.4,4.0,4.1,3.8,8.3,9.2,7.6,6.6,4.4,5.1,1
2001,7,66.8,74.4,59.7,66.9,75.0,59.3,65.3,68.3,63.0,69.1,4.6,4.6,4.5,4.0,4.1,4.0,8.0,9.1,7.1,6.2,4.5,5.1,1
2001,8,66.5,74.1,59.5,66.7,74.9,59.0,65.2,68.6,62.5,69.2,4.9,5.0,4.8,4.3,4.4,4.2,9.1,10.4,8.0,6.5,4.8,5.3,1
2001,9,66.8,74.5,59.6,66.9,75.1,59.2,65.3,68.7,62.5,69.2,5.0,4.9,5.0,4.3,4.4,4.3,8.9,9.1,8.8,6.7,5.0,4.6,1
2001,10,66.7,74.4,59.7,67.0,75.1,59.3,64.9,67.7,62.6,69.6,5.3,5.4,5.2,4.7,4.9,4.5,9.5,9.6,9.4,7.1,5.3,5.5,1
2001,11,66.7,74.3,59.8,67.0,75.0,59.5,64.6,67.7,62.1,69.2,5.5,5.7,5.4,4.9,5.1,4.7,9.8,10.0,9.5,7.3,5.5,5.5,1
2001,12,66.7,74.3,59.7,67.0,75.0,59.4,65.2,69.0,62.2,69.4,5.7,5.8,5.7,5.1,5.1,5.0,10.1,10.4,9.7,7.7,5.8,5.5,1
2002,1,66.5,74.0,59.5,66.7,74.7,59.2,65.1,69.2,61.9,69.4,5.7,5.8,5.5,5.1,5.2,4.9,10.0,10.3,9.6,7.8,5.8,5.3,1
2002,2,66.8,74.2,59.9,67.1,74.9,59.7,65.0,68.9,61.9,69.5,5.7,5.8,5.5,5.0,5.1,4.9,9.9,10.2,9.7,7.0,5.9,4.9,1
2002,3,66.6,74.1,59.7,66.9,74.7,59.5,64.9,69.3,61.4,69.1,5.7,5.9,5.6,5.0,5.2,4.8,10.5,11.0,10.0,7.5,5.8,5.2,1
2002,4,66.7,74.2,59.7,66.9,74.8,59.5,65.3,69.3,62.2,69.5,5.9,6.0,5.9,5.2,5.3,5.0,10.7,10.8,10.6,8.0,6.1,5.2,1
2002,5,66.7,74.5,59.6,67.0,75.0,59.4,65.3,69.7,61.7,68.9,5.8,5.8,5.7,5.1,5.2,5.0,10.2,10.4,10.1,7.1,5.9,5.4,1
2002,6,66.6,74.2,59.6,66.8,74.8,59.3,64.6,68.5,61.5,69.0,5.8,6.0,5.6,5.1,5.3,4.9,10.5,11.5,9.6,7.4,5.9,4.9,1
2002,7,66.5,74.1,59.5,66.9,74.9,59.3,64.1,67.6,61.3,69.3,5.8,5.9,5.7,5.2,5.4,4.9,9.8,9.8,9.8,7.4,5.9,5.4,1
2002,8,66.6,74.1,59.6,66.9,74.8,59.3,64.4,67.9,61.5,69.1,5.7,5.9,5.5,5.1,5.3,4.8,9.8,10.3,9.4,7.5,5.8,5.6,1
2002,9,66.7,74.4,59.7,66.9,74.9,59.3,65.0,68.7,62.0,69.2,5.7,5.9,5.5,5.1,5.3,4.8,9.7,10.6,8.9,7.4,5.7,5.3,1
2002,10,66.6,74.0,59.6,66.8,74.7,59.3,64.7,68.4,61.6,68.8,5.7,5.8,5.6,5.1,5.3,4.9,9.8,10.6,9.0,7.9,5.8,5.2,1
2002,11,66.4,73.7,59.5,66.6,74.5,59.1,64.2,66.7,62.1,68.9,5.9,6.1,5.6,5.1,5.5,4.7,10.7,11.6,10.0,7.8,6.0,5.1,1
2002,12,66.3,73.6,59.5,66.5,74.3,59.0,64.8,67.1,62.9,68.6,6.0,6.2,5.7,5.1,5.4,4.8,11.3,11.9,10.7,7.9,6.1,5.3,1
2003,1,66.4,73.5,59.7,66.6,74.2,59.4,64.6,67.4,62.3,69.4,5.8,6.2,5.4,5.2,5.5,4.7,10.5,11.6,9.5,7.9,6.0,5.4,1
2003,2,66.4,73.7,59.6,66.7,74.4,59.3,64.5,68.2,61.6,69.4,5.9,6.1,5.6,5.1,5.4,4.8,10.7,11.7,9.9,7.7,6.0,5.5,1
2003,3,66.3,73.3,59.7,66.6,74.1,59.5,64.1,66.7,62.0,69.0,5.9,6.1,5.7,5.1,5.3,4.9,10.3,11.2,9.6,7.8,6.0,5.5,1
2003,4,66.4,73.6,59.7,66.7,74.4,59.4,64.7,67.5,62.4,68.9,6.0,6.4,5.7,5.3,5.7,4.8,10.9,11.8,10.1,7.6,6.2,5.5,1
2003,5,66.4,73.6,59.7,66.5,74.1,59.3,64.9,67.6,62.8,68.1,6.1,6.4,5.7,5.4,5.6,5.1,10.9,12.6,9.5,8.0,6.2,5.5,1
2003,6,66.5,73.6,59.9,66.7,74.3,59.5,64.8,67.7,62.4,68.4,6.3,6.7,5.9,5.5,5.9,4.9,11.5,12.3,10.9,8.3,6.4,5.7,1
2003,7,66.2,73.4,59.5,66.5,74.3,59.1,64.3,67.3,61.9,67.6,6.2,6.6,5.7,5.4,5.9,4.8,10.9,11.5,10.5,8.0,6.3,5.5,1
2003,8,66.1,73.3,59.5,66.4,74.1,59.1,64.3,66.9,62.3,67.7,6.1,6.3,5.8,5.4,5.8,4.9,10.9,11.2,10.7,7.7,6.2,5.5,1
2003,9,66.1,73.6,59.1,66.2,74.2,58.7,64.5,67.7,62.0,67.8,6.1,6.4,5.8,5.3,5.6,4.9,11.1,12.1,10.3,7.3,6.1,5.9,1
2003,10,66.1,73.4,59.3,66.4,74.1,59.0,64.1,67.3,61.5,67.7,6.0,6.2,5.7,5.1,5.4,4.8,11.4,12.0,10.9,7.5,6.1,5.4,1
2003,11,66.1,73.6,59.2,66.4,74.4,58.8,64.0,66.9,61.6,67.7,5.8,6.2,5.4,5.2,5.6,4.7,10.2,10.8,9.6,7.4,6.0,5.0,1
2003,12,65.9,73.5,59.0,66.2,74.2,58.7,63.3,66.8,60.4,67.7,5.7,5.8,5.6,5.0,5.2,4.8,10.1,10.1,10.0,6.7,5.8,5.2,1
2004,1,66.1,73.7,59.1,66.4,74.3,58.8,64.3,67.8,61.5,68.5,5.7,5.7,5.7,5.0,5.0,5.0,10.4,11.1,9.8,7.3,5.7,5.5,1
2004,2,66.0,73.2,59.2,66.3,74.1,58.9,63.5,66.0,61.5,68.1,5.6,5.6,5.5,4.9,5.0,4.8,9.7,10.0,9.4,7.4,5.6,5.2,1
2004,3,66.0,73.2,59.3,66.3,73.9,59.1,64.1,66.8,61.9,68.9,5.8,5.8,5.8,5.1,5.2,5.1,10.3,10.7,9.9,7.6,5.8,5.4,1
2004,4,65.9,73.1,59.2,66.3,74.1,58.9,63.5,65.6,61.8,68.5,5.6,5.7,5.4,5.0,5.2,4.7,9.8,10.2,9.4,7.1,5.6,5.4,1
2004,5,66.0,73.1,59.3,66.3,74.0,59.1,63.2,65.9,61.1,68.8,5.6,5.8,5.4,4.9,5.3,4.5,10.1,10.2,10.0,6.9,5.7,5.0,1
2004,6,66.1,73.3,59.3,66.4,74.1,59.1,63.3,66.3,60.8,68.7,5.6,5.7,5.6,5.0,5.1,4.9,10.2,10.4,9.9,6.6,5.6,5.5,1
2004,7,66.1,73.5,59.3,66.4,74.4,58.9,64.1,66.3,62.4,68.9,5.5,5.5,5.5,4.7,4.8,4.7,11.0,11.7,10.3,6.8,5.6,5.1,1
2004,8,66.0,73.4,59.0,66.3,74.2,58.7,64.0,66.8,61.7,68.8,5.4,5.6,5.2,4.7,4.9,4.5,10.5,11.7,9.4,6.8,5.4,5.3,1
2004,9,65.8,73.2,59.0,66.1,73.8,58.6,63.8,66.9,61.3,68.5,5.4,5.6,5.2,4.6,4.8,4.5,10.3,11.4,9.3,6.8,5.5,5.0,1
2004,10,65.9,73.3,59.0,66.2,74.1,58.6,64.3,67.2,61.9,68.6,5.5,5.6,5.3,4.6,4.9,4.4,10.8,11.5,10.2,6.8,5.4,5.6,1
2004,11,66.0,73.5,59.0,66.3,74.2,58.7,64.0,67.5,61.2,68.2,5.4,5.5,5.2,4.6,4.7,4.5,10.7,11.9,9.7,6.7,5.4,5.3,1
2004,12,65.9,73.2,59.1,66.2,74.0,58.7,63.8,67.0,61.2,68.2,5.4,5.5,5.1,4.5,4.7,4.4,10.7,12.0,9.5,6.6,5.4,5.3,1
2005,1,65.8,73.0,59.1,66.2,73.9,58.8,63.6,66.4,61.4,67.6,5.3,5.4,5.1,4.5,4.6,4.3,10.6,11.4,9.9,6.0,5.2,5.3,1
2005,2,65.9,73.2,59.1,66.3,74.1,58.8,63.5,66.5,61.0,68.1,5.4,5.5,5.3,4.6,4.7,4.4,10.9,11.9,9.9,6.3,5.4,5.5,1
2005,3,65.9,73.2,59.0,66.2,74.1,58.6,63.7,66.7,61.2,68.1,5.2,5.3,5.1,4.5,4.6,4.3,10.5,10.9,10.1,5.8,5.1,5.5,1
2005,4,66.1,73.4,59.2,66.3,74.2,58.9,64.0,67.4,61.3,68.1,5.2,5.1,5.2,4.4,4.4,4.4,10.3,10.6,10.0,6.4,5.1,5.3,1
2005,5,66.1,73.5,59.3,66.4,74.2,59.0,64.4,67.8,61.7,68.2,5.1,5.0,5.2,4.4,4.4,4.5,10.1,10.4,9.8,6.0,5.0,5.6,1
2005,6,66.1,73.4,59.2,66.2,74.1,58.6,64.7,68.4,61.7,68.0,5.0,5.0,5.1,4.3,4.2,4.4,10.2,10.9,9.6,5.7,5.0,5.4,1
2005,7,66.1,73.4,59.2,66.3,74.1,58.9,64.6,68.3,61.5,67.8,5.0,4.9,5.1,4.2,4.2,4.3,9.2,9.6,8.9,5.5,4.9,5.5,1
2005,8,66.2,73.5,59.3,66.4,74.2,59.0,64.6,68.2,61.7,68.1,4.9,4.9,4.9,4.2,4.2,4.2,9.7,10.2,9.3,5.8,4.9,5.1,1
2005,9,66.1,73.3,59.4,66.4,74.0,59.1,64.2,67.4,61.6,67.8,5.0,5.0,5.1,4.4,4.5,4.4,9.4,9.9,8.9,6.4,5.0,5.3,1
2005,10,66.1,73.2,59.5,66.3,74.0,59.1,64.5,67.1,62.5,68.1,5.0,4.8,5.1,4.4,4.3,4.6,9.1,9.5,8.8,6.0,4.9,5.3,1
2005,11,66.0,73.2,59.3,66.3,73.9,58.9,64.4,67.0,62.2,68.3,5.0,5.0,5.1,4.3,4.2,4.3,10.6,11.6,9.8,6.1,4.9,5.6,1
2005,12,66.0,73.2,59.2,66.3,74.0,58.9,63.6,66.2,61.5,68.5,4.9,4.8,4.9,4.2,4.2,4.3,9.2,9.4,9.0,6.1,4.7,5.3,1
2006,1,66.0,73.4,59.1,66.5,74.4,58.8,63.4,65.6,61.6,69.0,4.7,4.6,4.8,4.1,4.1,4.2,8.9,8.5,9.2,5.5,4.7,4.7,1
2006,2,66.1,73.5,59.3,66.4,74.3,58.9,64.4,67.3,62.0,69.0,4.8,4.8,4.8,4.1,4.2,4.1,9.5,9.9,9.1,5.4,4.7,5.2,1
2006,3,66.2,73.6,59.2,66.4,74.4,58.7,64.6,67.7,62.2,68.8,4.7,4.7,4.7,4.0,4.0,4.0,9.5,9.8,9.3,5.2,4.6,5.2,1
2006,4,66.1,73.5,59.2,66.4,74.3,58.9,64.2,67.7,61.4,68.9,4.7,4.7,4.7,4.1,4.1,4.0,9.4,10.0,8.8,5.5,4.7,5.2,1
2006,5,66.1,73.5,59.2,66.4,74.3,58.9,64.2,67.7,61.3,68.8,4.6,4.7,4.5,4.1,4.2,3.9,8.7,9.8,7.7,5.0,4.5,5.1,1
2006,6,66.2,73.4,59.5,66.5,74.2,59.1,63.7,66.6,61.4,69.1,4.6,4.6,4.6,4.1,4.1,4.0,8.9,9.3,8.4,5.2,4.5,5.3,1
2006,7,66.1,73.1,59.6,66.5,74.0,59.3,64.1,67.1,61.6,68.5,4.7,4.7,4.7,4.1,4.1,4.1,9.5,10.5,8.6,5.2,4.6,5.3,1
2006,8,66.2,73.4,59.5,66.6,74.2,59.2,64.2,66.7,62.1,68.2,4.7,4.7,4.6,4.1,4.1,4.1,8.8,9.7,8.0,5.3,4.6,5.1,1
2006,9,66.1,73.4,59.3,66.3,74.1,58.9,63.6,66.4,61.3,68.0,4.5,4.4,4.7,3.9,3.7,4.1,9.0,9.7,8.5,5.5,4.4,5.2,1
2006,10,66.2,73.4,59.4,66.5,74.3,59.1,64.1,67.0,61.8,68.6,4.4,4.4,4.4,3.9,3.8,3.9,8.4,9.5,7.5,4.8,4.3,5.1,1
2006,11,66.3,73.5,59.5,66.5,74.3,59.1,64.3,67.1,62.1,68.8,4.5,4.5,4.5,4.0,3.9,4.0,8.5,9.2,7.9,5.1,4.4,5.0,1
2006,12,66.4,73.7,59.5,66.7,74.6,59.2,64.5,67.1,62.4,69.3,4.4,4.5,4.4,3.9,4.1,3.8,8.3,8.2,8.3,5.0,4.4,4.7,1
2007,1,66.4,73.8,59.5,66.7,74.6,59.2,64.6,67.6,62.1,69.4,4.6,4.7,4.5,4.2,4.3,4.1,7.9,8.6,7.3,5.5,4.6,4.9,1
2007,2,66.3,73.6,59.4,66.6,74.5,59.0,64.2,67.3,61.6,68.9,4.5,4.7,4.3,4.1,4.2,3.8,8.0,9.0,7.2,5.1,4.4,4.9,1
2007,3,66.2,73.5,59.4,66.6,74.4,59.1,63.8,66.8,61.3,69.0,4.4,4.5,4.3,3.8,3.9,3.7,8.4,9.7,7.2,5.0,4.4,4.5,1
2007,4,65.9,73.4,58.9,66.2,74.3,58.6,63.7,67.0,61.0,68.9,4.5,4.6,4.4,4.0,4.0,3.9,8.3,9.6,7.1,5.6,4.4,5.1,1
2007,5,66.0,73.2,59.1,66.3,74.1,58.8,63.4,66.5,61.0,68.7,4.4,4.6,4.3,3.9,4.0,3.8,8.3,9.3,7.3,5.8,4.3,4.8,1
2007,6,66.0,73.3,59.3,66.4,74.1,59.0,63.5,66.1,61.4,68.5,4.6,4.7,4.4,4.1,4.2,3.9,8.5,9.4,7.6,5.5,4.5,4.6,1
2007,7,66.0,73.1,59.3,66.3,73.8,59.1,63.9,67.2,61.2,68.7,4.7,4.7,4.6,4.2,4.3,4.1,8.1,8.6,7.6,5.9,4.6,5.0,1
2007,8,65.8,72.8,59.2,66.1,73.5,59.0,63.6,67.0,60.7,69.1,4.6,4.7,4.6,4.2,4.3,4.1,7.6,7.9,7.3,5.5,4.6,4.8,1
2007,9,66.0,73.0,59.5,66.3,73.7,59.2,63.5,66.6,60.9,68.9,4.7,4.8,4.5,4.2,4.4,4.0,8.0,8.6,7.5,5.9,4.7,4.7,1
2007,10,65.8,72.9,59.2,66.2,73.7,59.0,63.3,66.1,61.0,68.7,4.7,4.8,4.6,4.1,4.2,4.0,8.5,9.5,7.7,5.7,4.7,5.0,1
2007,11,66.0,73.1,59.4,66.4,73.8,59.2,63.2,66.5,60.4,68.8,4.7,4.8,4.6,4.2,4.3,4.1,8.5,9.3,7.8,5.9,4.6,5.2,1
2007,12,66.0,73.1,59.4,66.4,73.9,59.2,63.4,66.4,61.0,68.6,5.0,5.1,4.9,4.4,4.4,4.4,9.0,10.0,8.0,6.3,4.9,5.5,1
2008,1,66.2,73.4,59.5,66.5,74.2,59.2,64.0,67.6,61.1,68.6,5.0,5.2,4.8,4.4,4.6,4.3,9.1,10.0,8.2,6.3,4.9,5.4,1
2008,2,66.0,73.1,59.3,66.3,73.9,59.0,63.7,66.9,61.0,68.6,4.9,5.0,4.7,4.4,4.5,4.2,8.4,9.0,7.8,6.2,4.9,5.0,1
2008,3,66.1,73.1,59.5,66.3,73.9,59.0,64.0,66.6,61.9,68.6,5.1,5.2,5.0,4.5,4.6,4.4,9.2,9.8,8.7,6.9,5.0,5.3,1
2008,4,65.9,72.9,59.4,66.1,73.7,58.9,63.9,66.3,61.8,68.8,5.0,5.2,4.8,4.4,4.6,4.2,8.6,9.2,8.1,7.1,5.0,4.9,1
2008,5,66.1,73.1,59.6,66.4,73.9,59.2,63.8,66.6,61.5,69.1,5.4,5.6,5.2,4.8,5.0,4.6,9.6,10.4,8.9,6.9,5.4,5.4,1
2008,6,66.1,73.0,59.5,66.4,73.7,59.3,63.7,66.9,61.0,68.8,5.6,5.8,5.3,5.0,5.1,4.7,9.4,10.7,8.3,7.6,5.6,5.4,1
2008,7,66.1,73.1,59.4,66.4,74.0,59.1,63.8,66.9,61.2,68.5,5.8,6.2,5.3,5.2,5.5,4.8,10.0,11.8,8.3,7.5,5.8,5.6,1
2008,8,66.1,72.9,59.6,66.3,73.6,59.3,64.3,67.5,61.7,68.8,6.1,6.3,5.9,5.4,5.6,5.3,10.6,11.4,9.9,8.0,6.2,5.6,1
2008,9,66.0,72.9,59.4,66.2,73.6,59.0,63.7,67.1,60.9,68.5,6.1,6.7,5.5,5.4,5.9,4.8,11.3,12.8,9.9,8.0,6.2,5.9,1
2008,10,66.0,72.9,59.6,66.4,73.7,59.4,63.6,66.7,61.0,68.2,6.5,7.1,5.9,5.9,6.3,5.3,11.4,13.3,9.6,8.8,6.6,5.7,1
2008,11,65.9,72.7,59.5,66.2,73.5,59.3,63.1,65.6,61.1,67.8,6.8,7.4,6.2,6.2,6.7,5.6,11.5,13.6,9.7,8.7,7.0,5.9,1
2008,12,65.8,72.5,59.5,66.1,73.3,59.3,63.5,66.2,61.2,68.0,7.3,8.0,6.5,6.7,7.2,6.1,12.1,14.9,9.6,9.4,7.6,5.9,1
2009,1,65.7,72.4,59.4,66.1,73.3,59.3,63.2,66.0,61.0,67.9,7.8,8.6,7.0,7.1,7.7,6.4,12.7,15.7,10.1,10.1,8.3,5.9,1
2009,2,65.8,72.4,59.5,66.2,73.3,59.5,62.9,65.8,60.6,68.2,8.3,9.2,7.3,7.6,8.4,6.6,13.7,16.5,11.2,11.3,8.9,5.8,1
2009,3,65.6,72.1,59.5,66.0,73.0,59.4,62.3,65.0,60.2,68.3,8.7,9.7,7.6,8.0,8.9,7.0,13.7,16.6,11.0,11.7,9.4,5.8,1
2009,4,65.7,72.3,59.4,66.1,73.2,59.3,63.0,65.9,60.6,68.5,9.0,10.1,7.6,8.1,9.2,6.9,15.0,18.4,11.9,11.4,9.7,5.9,1
2009,5,65.7,72.4,59.4,66.2,73.3,59.3,62.8,65.5,60.5,68.1,9.4,10.6,8.0,8.5,9.7,7.2,15.0,17.8,12.4,12.3,10.1,6.0,1
2009,6,65.7,72.2,59.5,66.1,73.2,59.3,62.6,64.8,60.8,67.9,9.5,10.6,8.3,8.7,9.7,7.5,14.8,17.5,12.5,12.1,10.3,5.8,1
2009,7,65.5,72.0,59.4,65.9,73.0,59.2,62.8,65.1,61.0,68.5,9.5,10.5,8.3,8.7,9.7,7.4,14.8,17.2,12.7,12.5,10.2,6.0,1
2009,8,65.4,72.0,59.2,65.9,72.9,59.1,62.1,64.7,59.9,67.8,9.6,10.7,8.3,8.9,9.9,7.6,14.8,17.7,12.3,13.0,10.4,6.2,1
2009,9,65.1,71.7,58.9,65.5,72.7,58.6,61.8,64.1,59.9,67.8,9.8,10.9,8.5,8.9,10.0,7.7,15.3,17.6,13.3,12.6,10.6,6.6,1
2009,10,65.0,71.6,58.8,65.5,72.6,58.8,61.8,64.6,59.4,67.6,10.0,11.1,8.7,9.2,10.3,7.9,15.8,18.3,13.6,12.8,10.9,6.2,1
2009,11,65.0,71.5,58.9,65.4,72.3,58.8,62.1,65.0,59.8,67.7,9.9,11.0,8.6,9.2,10.2,7.9,15.7,18.8,13.0,12.4,10.8,5.8,1
2009,12,64.6,71.0,58.6,65.1,71.8,58.6,61.9,64.7,59.7,67.2,9.9,10.9,8.7,9.0,10.0,7.9,16.1,18.4,14.0,12.8,10.7,6.1,1
2010,1,64.8,71.2,58.8,65.3,72.0,58.9,62.3,65.0,60.1,68.1,9.8,11.0,8.4,8.8,10.0,7.4,16.5,19.2,14.1,12.9,10.6,6.5,1
2010,2,64.9,71.2,58.9,65.3,72.1,58.8,62.1,65.0,59.7,68.1,9.8,10.9,8.6,8.9,9.9,7.8,16.1,19.2,13.3,12.7,10.7,6.2,1
2010,3,64.9,71.4,58.8,65.3,72.2,58.8,62.6,66.1,59.7,68.1,9.9,10.9,8.7,8.9,9.8,7.8,16.8,20.6,13.5,12.9,10.7,6.7,1
2010,4,65.2,71.8,58.9,65.6,72.7,58.8,62.7,65.5,60.4,67.6,9.9,10.9,8.8,9.0,10.0,7.8,16.6,18.7,14.7,12.5,10.7,6.5,1
2010,5,64.9,71.4,58.8,65.3,72.2,58.6,62.7,65.7,60.3,67.4,9.6,10.4,8.8,8.7,9.4,7.9,15.5,17.5,13.6,12.0,10.3,6.6,1
2010,6,64.6,71.1,58.5,65.1,72.0,58.5,61.9,64.7,59.6,67.2,9.4,10.4,8.3,8.6,9.4,7.6,15.2,18.4,12.4,12.3,10.1,6.3,1
2010,7,64.6,71.2,58.4,65.1,72.1,58.3,61.9,64.7,59.7,67.5,9.4,10.3,8.5,8.5,9.3,7.6,15.6,17.8,13.7,12.2,10.1,6.3,1
2010,8,64.7,71.3,58.6,65.2,72.1,58.5,62.2,65.2,59.7,67.4,9.5,10.3,8.6,8.6,9.4,7.7,15.9,18.1,14.0,12.0,10.2,6.6,1
2010,9,64.6,71.1,58.5,65.0,71.9,58.4,61.8,64.6,59.5,67.6,9.5,10.2,8.6,8.6,9.3,7.7,16.0,18.3,14.0,12.3,10.3,6.2,1
2010,10,64.4,70.8,58.4,64.8,71.5,58.3,62.0,64.8,59.8,66.8,9.4,10.1,8.7,8.6,9.2,7.8,15.6,17.6,13.9,12.3,10.2,6.4,1
2010,11,64.6,70.9,58.6,64.8,71.6,58.4,62.5,64.9,60.6,67.1,9.8,10.5,9.0,8.9,9.7,8.1,16.2,18.1,14.4,12.9,10.7,5.9,1
2010,12,64.3,70.7,58.3,64.7,71.5,58.2,62.1,64.4,60.2,67.0,9.3,10.0,8.5,8.5,9.2,7.7,15.5,17.3,13.9,12.9,10.1,6.0,1
2011,1,64.2,70.5,58.3,64.6,71.2,58.2,61.6,64.1,59.4,67.1,9.1,9.7,8.5,8.1,8.7,7.5,15.8,18.1,13.7,12.3,9.8,6.3,1
2011,2,64.1,70.5,58.1,64.5,71.3,58.0,61.4,64.0,59.3,66.0,9.0,9.5,8.5,8.1,8.5,7.6,15.5,17.6,13.7,11.8,9.6,6.6,1
2011,3,64.2,70.4,58.3,64.6,71.2,58.3,61.3,64.3,58.9,66.4,9.0,9.5,8.4,8.0,8.4,7.4,15.8,18.2,13.6,11.6,9.6,6.4,1
2011,4,64.2,70.5,58.3,64.7,71.3,58.3,61.4,64.5,58.9,66.4,9.1,9.6,8.5,8.1,8.6,7.5,16.5,18.7,14.5,11.9,9.8,6.3,1
2011,5,64.1,70.5,58.1,64.6,71.3,58.1,61.0,63.8,58.8,66.0,9.0,9.5,8.5,7.9,8.3,7.5,16.3,18.5,14.3,11.6,9.7,6.2,1
2011,6,64.0,70.4,58.0,64.5,71.2,58.0,61.1,64.0,58.6,66.2,9.1,9.6,8.5,8.1,8.5,7.6,16.2,17.9,14.7,11.5,9.7,6.6,1
2011,7,64.0,70.3,58.0,64.5,71.2,58.0,60.7,63.6,58.3,66.1,9.0,9.5,8.4,8.0,8.4,7.4,15.9,17.7,14.4,11.2,9.7,5.9,1
2011,8,64.1,70.5,58.1,64.5,71.3,58.0,61.6,64.5,59.2,66.7,9.0,9.4,8.5,7.9,8.2,7.5,16.4,18.6,14.4,11.2,9.6,6.4,1
2011,9,64.2,70.5,58.3,64.5,71.2,58.0,62.2,64.3,60.4,66.7,9.0,9.3,8.7,7.9,8.2,7.5,15.9,17.3,14.7,11.2,9.8,6.1,1
2011,10,64.1,70.4,58.1,64.5,71.2,58.0,61.5,64.1,59.4,67.0,8.8,9.2,8.4,7.9,8.4,7.4,14.6,16.6,12.9,11.3,9.4,6.5,1
2011,11,64.1,70.5,58.0,64.4,71.3,57.8,61.4,64.3,59.0,66.6,8.6,8.9,8.3,7.7,7.9,7.4,15.6,17.5,13.9,11.2,9.2,6.0,1
2011,12,64.0,70.5,57.8,64.3,71.2,57.6,61.9,65.2,59.1,66.8,8.5,8.7,8.3,7.5,7.8,7.2,15.4,16.6,14.4,11.1,9.0,6.2,1
2012,1,63.7,70.2,57.7,64.2,71.1,57.5,61.1,63.9,58.9,66.3,8.3,8.4,8.2,7.4,7.6,7.2,13.6,13.7,13.5,10.7,8.8,6.0,1
2012,2,63.8,70.2,57.8,64.2,71.2,57.6,61.6,63.9,59.8,66.8,8.3,8.4,8.1,7.4,7.5,7.3,14.0,15.5,12.7,10.9,8.8,6.1,1
2012,3,63.8,70.2,57.8,64.1,71.1,57.5,61.8,63.7,60.2,66.3,8.2,8.4,8.0,7.3,7.5,7.1,14.0,15.1,13.0,10.6,8.7,6.2,1
2012,4,63.7,70.1,57.6,64.0,71.0,57.4,61.3,63.4,59.6,66.4,8.2,8.3,8.0,7.4,7.5,7.4,13.3,15.1,11.6,10.3,8.6,6.3,1
2012,5,63.7,70.2,57.7,64.1,71.1,57.5,61.3,63.7,59.3,67.0,8.2,8.4,7.9,7.4,7.6,7.2,13.5,14.9,12.3,10.9,8.6,6.1,1
2012,6,63.8,70.3,57.7,64.1,71.0,57.4,62.1,64.1,60.5,66.9,8.2,8.4,7.9,7.3,7.6,7.0,14.5,15.2,13.9,10.9,8.6,6.2,1
2012,7,63.7,70.2,57.6,63.9,70.9,57.2,61.6,64.1,59.5,66.5,8.2,8.3,8.0,7.3,7.4,7.2,14.2,16.0,12.6,10.2,8.6,6.4,1
2012,8,63.5,69.9,57.6,63.8,70.8,57.2,61.3,63.1,59.8,66.1,8.1,8.3,7.8,7.2,7.5,6.9,13.8,14.9,12.8,10.1,8.5,6.0,1
2012,9,63.6,70.1,57.6,64.0,71.0,57.4,61.2,63.2,59.6,66.3,7.8,8.0,7.6,7.0,7.2,6.7,13.6,15.2,12.1,9.7,8.3,5.7,1
2012,10,63.8,70.3,57.7,64.0,71.1,57.3,62.2,63.8,60.8,66.3,7.8,7.9,7.6,6.9,7.1,6.7,14.1,15.4,13.0,10.0,8.2,6.3,1
2012,11,63.6,70.1,57.6,63.8,70.8,57.2,61.3,63.5,59.5,65.7,7.7,7.9,7.6,6.8,7.0,6.7,13.3,14.5,12.2,9.9,8.1,6.2,1
2012,12,63.7,70.1,57.7,63.9,70.9,57.3,61.3,63.2,59.7,65.8,7.9,7.9,7.9,6.9,7.0,6.8,14.0,14.7,13.4,9.6,8.3,6.1,1
2013,1,63.7,70.3,57.5,63.9,71.0,57.2,61.8,63.9,60.0,66.2,8.0,8.2,7.8,7.1,7.3,6.9,13.7,14.3,13.2,9.7,8.4,6.3,1
2013,2,63.4,70.0,57.3,63.6,70.7,56.9,61.7,64.2,59.7,66.3,7.7,7.8,7.6,6.8,6.9,6.6,13.8,14.0,13.6,9.7,8.0,6.2,1
2013,3,63.3,69.7,57.2,63.5,70.3,57.0,61.2,64.1,58.9,65.4,7.5,7.6,7.5,6.7,6.7,6.7,13.0,13.7,12.4,9.3,7.9,5.9,1
2013,4,63.4,69.9,57.3,63.7,70.7,56.9,61.5,63.4,59.8,65.7,7.6,7.8,7.3,6.7,7.0,6.3,13.3,14.3,12.4,9.0,7.9,6.1,1
2013,5,63.4,69.9,57.3,63.7,70.8,56.9,61.7,63.8,60.0,66.5,7.5,7.9,7.1,6.7,7.0,6.3,13.4,14.9,12.0,9.0,7.8,5.8,1
2013,6,63.4,69.9,57.4,63.7,70.7,57.0,61.6,63.4,60.1,66.3,7.5,7.7,7.3,6.6,6.8,6.4,14.2,15.0,13.5,9.1,7.9,6.0,1
2013,7,63.3,69.8,57.3,63.6,70.5,57.0,61.2,63.7,59.1,66.7,7.3,7.7,6.8,6.5,6.9,6.1,12.6,14.0,11.4,9.4,7.6,6.0,1
2013,8,63.3,69.6,57.3,63.5,70.4,56.9,60.7,63.3,58.7,66.3,7.2,7.7,6.7,6.4,6.8,5.9,12.8,14.7,11.1,9.2,7.6,5.6,1
2013,9,63.2,69.8,57.1,63.4,70.3,56.9,61.2,64.5,58.5,65.8,7.2,7.7,6.7,6.3,6.7,5.9,13.0,15.2,11.0,8.8,7.6,5.8,1
2013,10,62.8,69.2,56.8,63.0,69.9,56.5,60.6,63.1,58.6,65.7,7.2,7.5,6.8,6.3,6.6,5.9,12.8,13.8,12.0,9.1,7.6,5.6,1
2013,11,63.0,69.5,56.9,63.3,70.3,56.7,60.4,62.9,58.4,66.0,6.9,7.2,6.7,6.1,6.4,5.8,12.3,13.2,11.5,8.7,7.3,5.6,1
2013,12,62.9,69.2,57.0,63.2,70.1,56.7,60.3,62.2,58.8,65.5,6.7,6.8,6.6,5.9,6.0,5.8,11.9,12.6,11.4,8.3,6.9,5.9,1
2014,1,62.9,69.2,57.0,63.2,69.9,56.8,60.6,62.7,58.9,65.9,6.6,6.8,6.3,5.7,5.8,5.5,12.1,13.3,11.1,8.3,6.9,5.2,1
2014,2,62.9,69.0,57.2,63.2,69.8,56.9,60.9,62.7,59.5,66.0,6.7,6.9,6.4,5.8,6.0,5.6,11.8,13.5,10.4,8.2,6.9,5.5,1
2014,3,63.1,69.4,57.2,63.3,70.0,56.9,61.3,63.4,59.5,66.1,6.7,6.7,6.6,5.8,5.8,5.8,12.1,12.9,11.3,7.9,6.9,5.5,1
2014,4,62.8,69.0,57.0,63.0,69.7,56.7,61.0,63.2,59.1,65.6,6.2,6.4,6.1,5.3,5.5,5.1,11.6,12.4,10.8,7.2,6.5,5.3,1
2014,5,62.9,69.1,57.1,63.1,69.7,56.8,60.8,63.1,58.9,65.8,6.3,6.4,6.2,5.4,5.5,5.3,11.4,12.3,10.5,7.7,6.5,5.5,1
2014,6,62.8,69.2,56.9,63.1,69.8,56.7,61.1,63.5,59.2,66.3,6.1,6.3,5.8,5.3,5.4,5.2,11.0,11.7,10.4,7.8,6.2,5.4,1
2014,7,62.9,69.3,56.9,63.0,69.8,56.5,61.7,64.4,59.4,66.0,6.2,6.2,6.1,5.3,5.3,5.2,11.6,12.5,10.9,7.7,6.4,5.4,1
2014,8,62.9,69.4,56.9,63.1,70.0,56.5,61.0,63.8,58.7,66.1,6.1,6.3,6.0,5.3,5.4,5.1,11.4,11.7,11.2,7.4,6.2,5.5,1
2014,9,62.8,69.2,56.8,63.0,69.7,56.5,61.6,64.6,59.1,66.1,5.9,5.9,6.0,5.1,5.0,5.2,11.0,11.7,10.4,6.8,6.0,5.8,1
2014,10,62.9,69.2,57.1,63.0,69.7,56.7,61.3,64.1,59.1,66.5,5.7,5.6,5.9,4.9,4.7,5.1,10.6,11.2,10.1,6.8,5.9,5.1,1
2014,11,62.9,69.2,57.0,63.1,69.8,56.6,61.3,63.8,59.3,66.4,5.8,5.9,5.8,5.0,5.0,4.9,10.9,11.8,10.1,6.6,6.0,5.1,1
2014,12,62.8,69.3,56.7,62.9,69.8,56.3,61.4,64.4,59.0,66.1,5.6,5.7,5.4,4.7,4.7,4.7,10.6,11.9,9.4,6.4,5.7,4.9,1
2015,1,62.9,69.3,56.9,63.1,70.0,56.6,60.9,63.6,58.6,66.6,5.7,5.8,5.5,4.9,4.9,4.8,10.3,11.4,9.2,6.7,5.8,5.0,1
2015,2,62.7,69.2,56.6,62.9,69.9,56.3,61.0,63.7,58.8,66.1,5.5,5.6,5.3,4.7,4.8,4.6,10.1,11.0,9.3,6.8,5.7,4.8,1
2015,3,62.6,69.1,56.6,62.8,69.9,56.1,61.1,63.6,58.9,66.2,5.4,5.6,5.3,4.8,4.9,4.6,9.9,10.6,9.2,6.8,5.6,5.0,1
2015,4,62.8,69.3,56.7,62.8,69.8,56.1,62.2,65.0,59.9,66.4,5.4,5.5,5.4,4.7,4.8,4.6,9.7,9.9,9.5,6.8,5.6,5.0,1
2015,5,62.9,69.4,56.9,63.0,69.9,56.4,62.1,65.0,59.7,66.3,5.6,5.7,5.5,4.8,4.8,4.8,10.3,11.4,9.3,6.8,5.7,5.0,1
2015,6,62.7,69.0,56.8,62.8,69.7,56.2,61.8,63.8,60.2,66.2,5.3,5.3,5.1,4.6,4.6,4.5,9.7,10.4,9.1,6.7,5.2,5.2,1
2015,7,62.6,69.0,56.6,62.7,69.7,56.0,61.5,63.2,60.1,66.0,5.2,5.2,5.2,4.5,4.6,4.5,9.1,9.5,8.8,6.9,5.3,5.0,1
2015,8,62.6,69.0,56.7,62.7,69.6,56.1,61.7,63.5,60.2,65.7,5.1,5.1,5.0,4.4,4.4,4.3,9.4,10.0,8.9,6.6,5.1,4.8,1
2015,9,62.4,68.8,56.4,62.5,69.5,55.9,61.4,63.4,59.8,65.3,5.0,5.1,5.0,4.4,4.5,4.2,9.3,9.8,8.9,6.2,5.1,4.8,1
2015,10,62.5,68.8,56.6,62.6,69.5,56.0,61.5,63.2,60.0,65.6,5.0,5.1,5.0,4.4,4.4,4.3,9.0,9.5,8.6,6.3,5.1,4.7,1
2015,11,62.5,68.7,56.8,62.7,69.4,56.2,61.6,63.5,60.0,65.5,5.1,5.2,5.0,4.4,4.5,4.3,9.4,10.7,8.3,6.4,5.1,4.9,1
2015,12,62.7,69.0,56.8,62.8,69.7,56.3,61.7,63.8,59.9,65.5,5.0,5.1,4.9,4.4,4.5,4.3,8.5,9.2,7.9,6.2,5.1,4.6,1
2016,1,62.7,68.9,56.9,62.9,69.6,56.5,61.4,63.4,59.7,65.8,4.8,4.8,4.9,4.2,4.2,4.2,8.5,8.9,8.2,5.9,4.8,5.0,1
2016,2,62.8,69.2,56.8,63.0,69.8,56.4,61.5,64.0,59.4,66.0,4.9,4.9,4.8,4.2,4.2,4.2,8.6,9.1,8.3,5.5,4.9,4.8,1
2016,3,63.0,69.3,57.1,63.1,69.9,56.7,61.5,64.3,59.1,66.3,5.0,4.9,5.1,4.3,4.3,4.3,8.9,9.3,8.5,5.6,5.0,4.8,1
2016,4,62.9,69.3,56.9,63.1,69.8,56.6,61.2,64.4,58.4,65.8,5.1,5.1,5.0,4.4,4.4,4.4,8.8,9.7,7.9,6.2,5.1,4.6,1
2016,5,62.7,69.0,56.8,62.9,69.6,56.5,61.1,63.8,58.8,65.6,4.8,4.8,4.8,4.2,4.2,4.1,8.2,8.3,8.1,5.7,4.8,4.6,1
2016,6,62.7,69.3,56.6,62.9,69.8,56.3,61.4,64.8,58.7,65.8,4.9,4.9,4.8,4.3,4.3,4.3,8.7,9.7,7.7,6.0,4.8,4.9,1
2016,7,62.8,69.3,56.6,62.9,69.9,56.2,61.2,64.1,58.8,65.9,4.8,5.0,4.5,4.2,4.5,4.0,8.2,9.0,7.5,5.4,4.8,5.0,1
2016,8,62.9,69.3,56.8,63.0,70.0,56.2,61.8,64.0,60.1,66.2,4.9,5.0,4.8,4.4,4.5,4.2,8.0,8.6,7.5,5.6,4.8,5.1,1
2016,9,62.9,69.3,56.8,62.9,69.9,56.2,62.0,64.4,60.0,66.0,5.0,5.1,4.8,4.4,4.5,4.2,8.5,9.3,7.9,6.2,5.0,5.0,1
2016,10,62.8,69.2,56.8,62.8,69.8,56.1,61.8,64.1,59.8,65.6,4.9,5.0,4.7,4.4,4.5,4.2,8.5,9.5,7.6,5.7,4.9,5.1,1
2016,11,62.7,69.0,56.7,62.7,69.6,56.1,62.1,64.2,60.3,65.5,4.7,4.9,4.6,4.2,4.4,4.0,8.2,8.7,7.8,5.6,4.8,4.4,1
2016,12,62.7,69.0,56.7,62.6,69.5,56.1,62.0,64.4,60.1,65.6,4.7,4.8,4.6,4.2,4.4,4.1,8.0,8.8,7.3,5.8,4.7,4.8,1
2017,1,62.8,69.1,56.9,62.8,69.6,56.3,62.3,64.8,60.2,66.1,4.7,4.7,4.7,4.2,4.2,4.3,7.5,8.0,7.1,5.8,4.7,4.7,1
2017,2,62.9,69.2,57.0,62.8,69.6,56.3,62.3,64.5,60.5,66.4,4.6,4.6,4.6,4.0,4.0,4.0,8.0,8.5,7.5,5.6,4.5,5.1,1
2017,3,62.9,69.1,57.2,62.9,69.6,56.6,62.2,64.6,60.2,66.7,4.4,4.5,4.3,3.8,3.9,3.8,7.8,8.8,7.0,5.0,4.3,4.8,1
2017,4,63.0,69.2,57.2,62.9,69.7,56.5,62.5,65.1,60.4,66.2,4.4,4.4,4.5,3.9,3.8,4.0,7.7,8.1,7.3,5.2,4.3,5.0,1
2017,5,62.8,69.0,57.1,62.8,69.5,56.3,62.6,64.7,60.8,66.2,4.4,4.3,4.4,3.7,3.8,3.7,7.7,7.6,7.8,5.2,4.2,4.8,1
2017,6,62.8,69.1,57.0,62.8,69.6,56.4,62.0,64.2,60.1,66.2,4.3,4.3,4.3,3.8,3.9,3.7,6.9,6.9,7.0,5.0,4.3,4.1,1
2017,7,62.9,69.0,57.2,62.9,69.3,56.6,62.2,64.7,60.1,66.5,4.3,4.4,4.2,3.8,3.7,3.8,7.3,8.1,6.6,5.1,4.3,4.5,1
2017,8,62.9,69.1,57.1,62.9,69.5,56.5,62.0,64.3,60.1,65.9,4.4,4.5,4.3,3.9,3.9,3.8,7.7,8.4,7.0,5.1,4.4,4.5,1
2017,9,63.1,69.3,57.2,63.0,69.6,56.6,62.7,65.5,60.2,66.4,4.3,4.3,4.2,3.7,3.8,3.7,7.2,7.8,6.6,5.1,4.3,4.2,1
2017,10,62.7,69.0,56.8,62.6,69.4,56.0,62.2,64.4,60.3,65.5,4.2,4.3,4.0,3.6,3.7,3.5,7.6,8.5,6.8,5.0,4.1,4.6,1
2017,11,62.7,68.9,57.0,62.7,69.4,56.3,62.4,64.5,60.6,65.5,4.2,4.3,4.1,3.7,3.7,3.6,7.5,8.5,6.6,4.9,4.0,5.0,1
2017,12,62.7,69.0,56.8,62.7,69.5,56.2,62.2,64.2,60.5,65.7,4.1,4.2,4.1,3.7,3.7,3.7,6.7,7.4,6.2,5.0,4.1,4.4,1
2018,1,62.7,69.1,56.7,62.7,69.6,56.1,62.1,64.7,60.0,65.8,4.0,4.1,4.0,3.5,3.6,3.4,7.5,8.2,6.9,4.9,3.9,4.6,1
2018,2,63.0,69.3,57.0,63.0,69.8,56.5,62.9,65.9,60.4,66.2,4.1,4.0,4.1,3.6,3.7,3.6,6.8,6.9,6.8,4.9,4.0,4.5,1
2018,3,62.9,69.3,56.9,62.9,69.8,56.2,62.7,65.0,60.7,65.8,4.0,4.0,4.0,3.5,3.5,3.4,6.7,6.7,6.7,4.9,3.9,4.4,1
2018,4,62.9,69.3,56.9,62.9,69.8,56.4,61.9,64.9,59.4,66.5,4.0,4.1,3.8,3.6,3.7,3.4,6.3,7.0,5.7,4.7,3.9,4.3,1
2018,5,62.9,69.3,56.9,63.0,69.8,56.4,62.2,65.5,59.5,66.4,3.8,4.0,3.6,3.5,3.6,3.4,5.9,6.9,4.9,4.8,3.7,4.2,1
2018,6,62.9,69.1,57.2,62.9,69.7,56.4,62.3,64.2,60.6,66.6,4.0,4.1,3.9,3.5,3.6,3.5,6.4,7.1,5.7,4.6,3.9,4.2,1
2018,7,62.9,68.9,57.4,62.9,69.3,56.7,62.5,64.5,60.8,66.9,3.8,3.8,3.8,3.4,3.3,3.5,6.5,6.8,6.3,4.5,3.7,4.4,1
2018,8,62.7,68.8,56.9,62.6,69.2,56.2,62.0,64.6,59.8,65.9,3.8,3.9,3.8,3.5,3.5,3.4,6.3,6.5,6.1,4.7,3.7,4.2,1
2018,9,62.7,68.8,57.1,62.6,69.2,56.3,62.4,64.5,60.7,66.0,3.7,3.8,3.6,3.3,3.4,3.2,6.1,6.6,5.7,4.6,3.6,4.5,1
2018,10,62.9,68.9,57.2,62.8,69.2,56.6,62.6,65.0,60.5,66.0,3.8,3.9,3.8,3.4,3.3,3.4,6.5,7.4,5.7,4.4,3.7,4.5,1
2018,11,62.9,68.9,57.3,62.9,69.3,56.7,62.1,64.5,60.2,66.6,3.8,3.7,3.8,3.4,3.3,3.5,6.1,6.6,5.7,4.7,3.6,4.6,1
2018,12,63.0,69.0,57.4,63.0,69.5,56.7,62.0,64.2,60.2,66.9,3.9,4.0,3.8,3.4,3.5,3.4,6.7,7.1,6.3,4.5,3.7,4.7,1
2019,1,63.1,69.3,57.4,63.0,69.7,56.6,63.0,65.2,61.0,67.2,4.0,4.0,3.9,3.5,3.5,3.5,7.0,8.0,6.0,4.7,4.0,4.1,1
2019,2,63.1,69.1,57.5,63.0,69.5,56.7,62.6,65.2,60.5,66.5,3.8,3.8,3.8,3.2,3.2,3.2,7.1,7.9,6.3,4.3,3.7,4.1,1
2019,3,63.1,69.2,57.3,63.0,69.7,56.7,62.0,64.6,59.9,66.8,3.8,3.9,3.7,3.3,3.4,3.2,6.5,7.3,5.7,4.5,3.7,4.3,1
2019,4,62.9,69.0,57.1,62.8,69.4,56.5,62.4,65.0,60.3,66.0,3.6,3.8,3.5,3.2,3.3,3.0,6.5,7.2,5.8,4.1,3.5,4.2,1
2019,5,62.9,69.1,57.1,62.9,69.7,56.4,62.5,64.5,60.8,66.3,3.6,3.7,3.6,3.3,3.3,3.2,6.1,6.6,5.6,4.2,3.5,4.2,1
2019,6,62.9,69.1,57.2,62.9,69.7,56.5,61.8,63.8,60.2,66.4,3.6,3.6,3.6,3.3,3.3,3.3,5.8,5.9,5.8,4.3,3.5,4.3,1
2019,7,63.1,69.2,57.3,63.0,69.6,56.7,62.6,65.2,60.5,66.5,3.7,3.7,3.7,3.3,3.3,3.3,5.8,6.0,5.6,4.4,3.5,4.3,1
2019,8,63.1,69.1,57.5,63.1,69.6,56.9,62.1,64.7,59.9,66.7,3.7,3.7,3.6,3.5,3.4,3.5,5.4,6.2,4.6,4.2,3.5,4.4,1
2019,9,63.2,69.1,57.6,63.2,69.7,57.0,62.4,64.9,60.4,67.1,3.5,3.6,3.4,3.2,3.3,3.1,5.4,5.8,5.0,4.0,3.4,3.8,1
2019,10,63.2,69.1,57.8,63.2,69.5,57.1,62.4,64.7,60.6,67.2,3.6,3.7,3.5,3.3,3.4,3.2,5.6,5.8,5.5,4.2,3.6,3.9,1
2019,11,63.2,69.3,57.6,63.2,69.6,57.0,62.2,64.8,60.1,67.3,3.6,3.6,3.6,3.2,3.3,3.2,5.6,5.7,5.4,4.3,3.5,4.0,1
2019,12,63.3,69.2,57.8,63.2,69.5,57.0,63.1,65.2,61.4,67.1,3.6,3.5,3.6,3.2,3.2,3.1,6.0,6.4,5.8,4.3,3.5,3.9,1
2020,1,63.4,69.3,57.8,63.3,69.7,57.1,62.8,64.5,61.4,67.8,3.5,3.5,3.5,3.1,3.1,3.0,6.3,6.5,6.1,4.3,3.5,4.0,1
2020,2,63.4,69.3,57.9,63.3,69.6,57.2,63.2,65.0,61.7,68.0,3.5,3.5,3.4,3.0,3.0,3.0,6.0,6.8,5.4,4.4,3.5,3.6,1
2020,3,62.7,68.6,57.1,62.6,69.0,56.6,61.8,64.4,59.7,66.9,4.4,4.4,4.4,3.9,4.0,3.9,6.8,7.6,6.0,5.9,4.1,5.9,1
2020,4,60.2,66.1,54.6,60.3,66.8,54.0,58.5,60.3,57.0,63.3,14.7,13.5,16.1,14.1,12.8,15.7,16.6,16.3,16.9,18.8,12.8,24.3,1
2020,5,60.8,66.7,55.3,61.0,67.5,54.7,59.7,61.2,58.4,64.2,13.2,12.1,14.5,12.3,11.2,13.6,16.8,16.0,17.5,17.6,11.9,19.6,1
2020,6,61.4,67.3,56.0,61.6,68.0,55.6,59.9,62.1,58.2,65.5,11.0,10.5,11.6,10.0,9.3,10.8,15.2,16.4,14.2,14.5,10.2,14.8,1
2020,7,61.5,67.1,56.1,61.5,67.5,55.7,60.2,62.6,58.2,64.7,10.2,9.7,10.7,9.2,8.7,9.9,14.4,15.4,13.5,12.8,9.7,12.7,1
2020,8,61.7,67.6,56.1,61.8,68.1,55.6,60.1,62.6,58.1,65.4,8.4,8.3,8.6,7.4,7.3,7.6,12.8,13.6,12.2,10.6,8.3,9.0,1
2020,9,61.4,67.5,55.7,61.6,68.3,55.2,59.8,61.9,58.0,64.9,7.9,7.7,8.1,7.0,6.9,7.2,12.1,13.1,11.2,10.4,7.7,8.4,1
2020,10,61.6,67.7,55.9,61.8,68.4,55.5,60.2,62.5,58.3,65.6,6.9,7.0,6.8,6.0,6.2,5.9,10.9,12.0,9.9,8.9,6.9,6.8,1
2020,11,61.5,67.4,55.9,61.5,67.9,55.4,60.4,62.3,58.7,65.4,6.7,7.0,6.4,6.0,6.2,5.7,10.4,11.6,9.4,8.6,6.9,6.1,1
2020,12,61.5,67.4,56.0,61.6,67.9,55.6,59.9,62.5,57.8,65.3,6.7,6.7,6.7,6.1,6.1,6.0,10.0,11.1,9.0,9.4,6.7,6.9,1
2021,1,61.4,67.5,55.7,61.4,67.9,55.2,60.3,63.2,57.9,65.0,6.4,6.4,6.3,5.7,5.8,5.6,9.2,9.9,8.6,8.6,6.4,6.3,1
2021,2,61.5,67.4,55.9,61.4,67.8,55.4,60.1,63.0,57.7,65.4,6.2,6.4,6.1,5.5,5.7,5.4,9.8,10.5,9.1,8.4,6.3,6.0,1
2021,3,61.5,67.3,56.1,61.4,67.6,55.5,60.7,63.4,58.3,65.4,6.0,6.2,5.9,5.3,5.5,5.2,9.5,10.0,9.0,7.7,6.1,5.7,1
2021,4,61.7,67.6,56.1,61.5,67.9,55.3,61.2,64.0,58.9,65.2,6.0,6.2,5.8,5.3,5.5,5.0,9.7,10.5,9.1,7.7,6.1,5.6,1
2021,5,61.6,67.5,56.0,61.4,67.9,55.3,61.0,63.5,58.9,65.1,5.8,6.0,5.5,5.1,5.2,4.9,9.1,9.7,8.6,7.1,5.8,5.1,1
2021,6,61.6,67.6,56.1,61.4,67.7,55.3,61.5,64.6,59.0,65.4,5.9,6.0,5.7,5.3,5.3,5.1,9.2,9.7,8.6,7.2,6.0,5.4,1
2021,7,61.7,67.6,56.2,61.6,68.0,55.5,60.8,63.2,58.7,65.6,5.4,5.6,5.2,4.8,5.0,4.6,8.2,8.6,7.7,6.4,5.4,5.1,1
2021,8,61.7,67.7,56.2,61.5,68.0,55.3,61.5,63.6,59.6,65.5,5.2,5.3,5.0,4.5,4.6,4.4,8.7,9.3,8.2,6.2,5.2,5.2,1
2021,9,61.7,67.7,56.0,61.5,68.1,55.1,61.3,63.1,59.7,65.6,4.7,5.0,4.5,4.2,4.4,3.9,7.8,8.3,7.3,6.1,4.8,4.2,1
2021,10,61.7,67.7,56.1,61.5,67.8,55.4,61.0,63.8,58.6,65.7,4.6,4.5,4.6,3.9,3.8,4.1,7.8,8.6,7.1,5.7,4.6,4.7,1
2021,11,61.9,67.8,56.3,61.7,68.1,55.5,60.7,63.5,58.4,66.3,4.2,4.2,4.2,3.7,3.5,3.9,6.5,7.5,5.6,5.2,4.2,4.1,1
2021,12,61.9,67.7,56.5,61.7,68.0,55.7,60.8,62.8,59.1,66.0,3.9,3.9,3.9,3.2,3.2,3.2,7.1,7.3,6.8,4.9,3.9,4.2,1
2022,1,62.2,67.9,56.8,62.0,68.2,56.0,62.0,64.9,59.5,66.4,4.0,4.1,3.9,3.4,3.5,3.4,6.9,7.6,6.3,4.9,3.9,4.4,1
2022,2,62.3,68.3,56.6,62.2,68.5,56.0,62.2,65.7,59.2,66.6,3.8,3.8,3.9,3.3,3.3,3.4,6.6,6.8,6.4,4.4,3.8,4.0,1
2022,3,62.4,68.3,56.8,62.3,68.6,56.1,62.1,64.9,59.7,66.4,3.6,3.6,3.6,3.2,3.3,3.0,6.2,6.2,6.2,4.2,3.5,4.2,1
2022,4,62.2,68.0,56.7,61.9,68.0,56.0,62.3,65.8,59.3,66.1,3.6,3.8,3.5,3.2,3.3,3.1,5.9,6.6,5.2,4.1,3.5,4.4,1
2022,5,62.3,68.0,57.0,61.9,68.0,56.1,63.0,66.1,60.4,66.5,3.6,3.6,3.6,3.2,3.3,3.1,6.2,6.2,6.3,4.3,3.4,4.3,1
2022,6,62.2,67.8,56.8,61.9,67.9,56.0,62.2,65.2,59.6,66.5,3.6,3.6,3.6,3.3,3.4,3.2,5.8,5.8,5.9,4.3,3.5,3.9,1
2022,7,62.1,67.6,56.9,61.9,67.7,56.2,62.0,64.3,60.0,65.7,3.5,3.5,3.4,3.1,3.2,2.9,6.0,6.1,5.8,3.9,3.3,4.2,1
2022,8,62.4,67.8,57.1,62.1,67.9,56.4,61.8,64.1,59.9,66.8,3.7,3.8,3.5,3.2,3.4,3.0,6.4,6.4,6.3,4.5,3.6,4.1,1
2022,9,62.3,68.1,56.8,62.0,68.1,56.1,62.1,65.2,59.5,66.1,3.5,3.6,3.4,3.1,3.2,2.9,5.8,6.0,5.7,3.8,3.5,3.7,1
2022,10,62.2,68.1,56.7,62.0,68.2,55.9,62.0,64.6,59.8,66.1,3.7,3.7,3.7,3.2,3.3,3.2,5.9,5.8,6.0,4.2,3.7,3.9,1
2022,11,62.1,68.0,56.5,61.8,68.0,55.8,62.3,65.5,59.6,65.7,3.7,3.7,3.6,3.2,3.3,3.2,5.7,5.9,5.6,3.9,3.5,4.4,1
